gx,gy,gz,x,y,z
1,0,-1,-64,-10,3
1,0,-1,-63,-10,1
0,0,0,-64,-7,0
-1,0,0,-65,-6,0
-1,0,0,-65,-8,0
0,0,0,-65,-8,1
1,0,0,-64,-8,2
1,0,0,-65,-8,0
0,0,-1,-66,-7,-1
0,0,-1,-66,-6,-1
0,1,0,-65,-6,-2
0,1,-1,-64,-8,-1
0,1,0,-64,-9,-1
0,1,-1,-65,-7,-2
0,0,0,-66,-5,-3
0,0,0,-65,-7,-3
0,0,0,-65,-7,-3
0,0,0,-63,-7,-2
0,0,0,-64,-8,-3
0,0,0,-66,-7,-4
0,0,-1,-64,-7,-4
0,0,-1,-64,-7,-4
0,0,-1,-65,-8,-4
0,0,-1,-66,-7,-4
1,0,-1,-67,-8,-3
1,0,-1,-65,-7,-3
1,0,-1,-64,-8,-3
0,0,-1,-64,-9,-3
0,0,0,-64,-7,-4
1,0,0,-64,-9,-4
1,0,-1,-63,-9,-4
1,0,-1,-64,-8,-4
0,-1,-1,-66,-8,-4
0,0,-1,-65,-9,-4
0,0,-1,-64,-8,-4
0,0,-1,-65,-9,-4
0,0,-1,-65,-8,-4
0,0,-1,-64,-8,-4
0,0,-1,-65,-8,-4
0,0,-1,-65,-9,-4
0,0,-1,-65,-9,-4
1,0,-1,-65,-8,-5
1,0,-1,-64,-10,-4
1,0,-1,-64,-10,-4
0,0,-1,-64,-10,-4
0,0,-1,-64,-10,-4
0,0,-1,-64,-10,-5
0,0,-1,-64,-10,-4
0,0,-1,-63,-10,-4
0,0,-1,-63,-10,-5
0,-1,0,-63,-10,-5
0,-1,0,-65,-9,-5
0,0,0,-65,-9,-5
1,0,0,-63,-10,-4
1,0,0,-63,-11,-4
0,0,0,-65,-10,-4
0,0,0,-65,-10,-5
0,0,0,-64,-10,-5
0,-1,0,-65,-9,-5
0,-1,0,-65,-10,-4
0,0,0,-65,-10,-4
0,0,0,-65,-10,-4
0,-1,0,-66,-10,-4
0,0,0,-66,-11,-4
0,0,0,-64,-10,-4
0,-1,0,-64,-11,-4
0,-1,0,-64,-11,-4
0,-1,0,-63,-9,-4
0,-1,0,-64,-9,-4
0,-1,0,-65,-10,-4
0,-1,0,-64,-10,-4
0,-1,-1,-64,-10,-4
0,-1,-1,-64,-9,-3
0,-1,-1,-64,-10,-4
-1,-1,-1,-66,-10,-4
0,0,-1,-66,-9,-3
0,0,-1,-64,-9,-3
0,0,-1,-65,-9,-3
0,0,0,-64,-11,-3
0,0,-1,-65,-11,-3
0,0,-1,-64,-11,-3
0,0,-1,-65,-11,-4
0,0,-1,-65,-11,-5
-1,0,-1,-64,-11,-5
-1,-1,-1,-64,-12,-6
-1,-1,-2,-64,-12,-5
-1,-1,-2,-64,-12,-4
0,-1,-1,-64,-12,-4
0,-1,-1,-64,-10,-2
0,-1,-1,-62,-10,-2
0,0,-1,-64,-12,-3
0,0,-1,-64,-14,-4
0,0,-1,-64,-13,-4
0,0,-1,-65,-11,-3
0,-1,-1,-66,-12,-3
0,-2,-1,-63,-12,-2
0,-1,-1,-62,-13,-2
1,0,-1,-64,-14,-4
1,0,-1,-64,-12,-2
1,0,-1,-64,-12,-2
0,0,-1,-64,-12,-2
0,-1,-1,-64,-13,-2
0,0,0,-62,-14,-3
0,0,0,-63,-16,-4
1,0,0,-65,-13,-4
1,-1,0,-65,-11,-4
0,-1,0,-64,-12,-3
0,0,0,-65,-14,-4
1,0,0,-64,-13,-4
1,0,-1,-65,-13,-4
1,-1,0,-66,-12,-4
1,-1,0,-63,-12,-3
1,-1,0,-64,-13,-3
1,-1,0,-64,-11,-2
1,-1,0,-64,-11,-2
0,-1,0,-64,-13,-3
0,-1,0,-63,-13,-3
1,0,0,-64,-13,-2
1,-1,0,-65,-11,-2
1,-1,0,-64,-11,-1
1,-1,0,-64,-11,-1
1,-1,0,-65,-12,-1
1,-1,0,-65,-12,-1
1,-1,0,-64,-10,0
1,-1,0,-66,-9,0
1,-1,1,-64,-8,2
1,-1,1,-65,-7,2
0,-1,0,-65,-8,2
0,-1,0,-64,-7,1
0,0,0,-64,-9,0
0,0,0,-65,-9,0
0,0,0,-66,-8,1
0,-1,0,-66,-8,0
0,-1,0,-66,-7,1
0,-1,0,-66,-7,0
0,-1,-1,-66,-7,1
0,-1,-1,-66,-7,2
0,-1,-1,-67,-8,1
0,-1,-1,-66,-9,1
0,-1,-1,-64,-10,0
0,-1,-1,-65,-10,0
0,-1,-1,-65,-9,1
0,-1,-1,-67,-10,1
0,-1,-1,-65,-10,1
0,-1,-1,-65,-12,0
0,-1,-1,-64,-14,0
1,-1,-1,-63,-11,1
1,-1,-1,-65,-9,3
1,-1,-1,-65,-9,4
0,-1,-1,-64,-10,4
0,-1,-1,-63,-10,3
0,-1,-1,-63,-12,4
0,-1,-1,-65,-13,3
0,-1,-1,-63,-13,3
0,-1,-1,-64,-12,4
0,-1,-1,-63,-12,4
0,-1,-1,-62,-13,4
0,-1,-1,-61,-13,4
0,-1,-1,-64,-14,3
0,-1,0,-62,-15,3
0,-1,0,-63,-14,4
0,-1,0,-64,-13,4
0,-1,0,-65,-12,4
0,-1,0,-63,-14,4
0,-1,0,-63,-14,5
1,-1,-1,-65,-13,5
1,-1,0,-65,-13,5
1,-1,0,-64,-13,5
1,-1,0,-63,-13,6
1,-1,0,-65,-13,6
1,-1,0,-63,-11,7
1,-1,0,-62,-11,7
1,0,-1,-63,-13,6
1,0,-1,-63,-14,6
1,0,-1,-63,-13,7
1,0,-1,-65,-12,7
1,0,0,-64,-12,6
1,0,0,-63,-11,7
1,0,0,-64,-11,7
1,0,0,-63,-11,7
1,0,0,-64,-11,7
1,0,0,-64,-12,7
1,0,0,-64,-11,6
1,0,0,-65,-10,6
1,0,0,-64,-10,7
0,0,0,-64,-10,7
0,0,0,-64,-11,7
0,0,0,-64,-12,6
1,0,0,-66,-11,6
1,0,0,-65,-9,6
0,0,0,-65,-9,7
0,0,0,-64,-8,6
0,0,0,-64,-9,7
0,0,0,-64,-9,7
0,0,0,-63,-10,7
0,0,-1,-67,-9,6
0,0,-1,-68,-7,8
0,-1,-1,-66,-8,7
-1,-1,0,-64,-11,6
0,-1,-1,-66,-12,6
0,-1,-1,-67,-9,7
0,-1,-1,-65,-9,7
0,-1,-1,-66,-9,8
-1,-1,-1,-63,-10,8
-1,-1,-1,-65,-12,7
0,-1,-1,-64,-10,9
0,-1,-1,-61,-10,8
0,-1,-1,-63,-13,7
0,0,-1,-64,-12,8
0,0,-1,-63,-11,8
0,0,-2,-65,-12,8
0,0,-1,-65,-13,7
0,0,-1,-63,-13,8
0,0,-1,-63,-13,7
0,0,-1,-64,-13,8
0,0,-1,-63,-14,7
0,0,-1,-64,-14,7
0,0,-1,-64,-13,8
0,0,-1,-64,-14,7
0,0,-1,-63,-15,6
1,0,-1,-63,-15,7
1,0,-1,-64,-14,7
1,0,-1,-63,-15,7
1,0,-1,-63,-16,6
1,0,-1,-63,-16,7
1,0,-1,-65,-15,7
1,0,0,-64,-15,7
1,0,0,-63,-16,6
1,0,0,-63,-15,6
1,0,0,-64,-16,6
1,0,0,-63,-16,6
1,0,-1,-64,-16,6
2,-1,0,-64,-14,7
2,-1,0,-65,-13,8
2,-1,0,-65,-14,7
2,-1,-1,-64,-13,7
1,-1,-1,-65,-13,8
1,-1,0,-64,-16,8
2,-1,0,-64,-15,8
2,-1,0,-64,-12,9
2,-1,-1,-64,-13,9
2,-1,0,-63,-14,9
2,-1,0,-63,-12,10
2,-1,-1,-64,-11,11
2,-1,-1,-64,-10,12
1,-1,-1,-64,-13,11
1,-1,0,-62,-13,12
2,-1,0,-63,-11,13
1,-1,-1,-64,-10,13
1,-1,-1,-63,-11,13
1,-1,-1,-63,-10,14
1,-1,-1,-63,-8,15
0,-1,0,-63,-9,15
0,-1,-1,-64,-10,15
0,-1,-1,-63,-10,14
0,-1,-1,-63,-10,14
0,-1,-1,-65,-11,14
-1,-1,-1,-65,-12,14
-1,-1,-1,-66,-11,14
-1,-1,0,-66,-12,13
-1,-1,0,-67,-14,13
-1,-1,0,-66,-14,12
0,-1,-1,-65,-14,13
0,-1,-1,-64,-15,13
-1,-1,-1,-64,-16,14
0,-1,-1,-64,-15,14
-1,-1,-1,-64,-14,14
-1,-1,-1,-66,-15,14
-1,-1,-1,-65,-15,14
-1,-1,-1,-64,-15,13
0,-1,-1,-64,-14,14
0,0,-1,-64,-15,13
0,0,-1,-63,-15,13
0,-1,-1,-62,-15,13
0,-1,-1,-62,-16,13
0,-1,-1,-61,-14,13
0,-1,-1,-62,-21,14
2,-1,-2,-58,-16,13
2,-1,-2,-61,-16,14
2,-1,-1,-59,-13,16
2,-1,-2,-57,-12,17
1,-1,-1,-59,-11,17
1,-1,0,-58,-12,18
1,-1,0,-58,-13,18
2,0,0,-57,-13,18
2,0,0,-58,-10,18
2,0,0,-58,-12,18
3,1,0,-58,-12,19
4,0,0,-57,-12,19
4,0,-1,-59,-8,18
3,0,-1,-59,-9,20
4,1,-1,-61,-9,20
4,1,-1,-64,-7,18
4,1,0,-64,-6,19
3,0,0,-64,-8,18
3,0,0,-63,-10,18
4,0,-1,-64,-8,17
3,0,-1,-64,-8,17
2,0,-1,-65,-8,17
1,0,-1,-64,-9,16
1,0,0,-64,-8,16
1,1,0,-63,-9,16
1,1,0,-63,-10,15
1,1,0,-64,-10,14
1,1,0,-63,-10,14
1,1,0,-64,-10,14
1,1,-1,-63,-10,13
1,1,-1,-63,-9,13
1,1,-1,-64,-9,13
1,1,-1,-64,-8,13
1,0,-1,-62,-10,13
1,0,-1,-64,-9,12
0,0,0,-64,-9,12
0,0,0,-64,-10,12
0,0,0,-64,-9,13
0,0,-1,-64,-9,12
1,0,0,-64,-9,12
1,0,0,-64,-8,12
1,0,0,-64,-8,12
1,0,0,-64,-7,11
1,0,0,-64,-8,11
2,1,0,-64,-8,11
2,1,0,-64,-7,11
2,1,-1,-65,-5,11
1,0,0,-66,-6,10
1,0,0,-65,-6,10
1,0,0,-65,-6,10
1,0,0,-65,-6,9
1,0,0,-65,-6,10
1,0,0,-64,-6,10
1,0,0,-65,-6,10
1,0,0,-65,-5,10
1,0,0,-64,-5,10
1,0,0,-65,-5,10
0,-1,0,-65,-4,10
0,-1,-1,-64,-5,10
0,-1,0,-64,-5,10
0,-1,0,-65,-5,11
0,-1,0,-65,-4,10
0,-1,0,-65,-4,10
0,-1,0,-64,-4,11
0,-1,0,-64,-4,11
0,-1,0,-64,-4,10
0,0,0,-64,-4,11
0,-1,0,-64,-5,11
0,-1,0,-64,-4,11
0,0,0,-64,-4,11
0,0,0,-64,-4,11
0,0,0,-64,-4,11
0,0,0,-64,-3,11
0,0,0,-64,-4,11
0,0,0,-64,-4,11
0,-1,0,-64,-3,11
0,0,0,-64,-3,11
0,0,0,-64,-4,11
0,0,0,-64,-3,11
0,0,0,-64,-2,11
0,-1,0,-64,-3,11
0,0,0,-65,-3,11
0,0,-1,-65,-3,11
0,0,0,-65,-3,11
0,-1,0,-65,-2,11
0,-1,0,-65,-2,11
0,-1,0,-64,-3,11
0,-1,0,-64,-3,11
0,-1,0,-65,-2,10
0,-1,0,-64,-1,10
0,0,0,-64,-1,10
1,0,0,-65,-2,11
1,0,0,-64,-2,11
1,0,0,-64,-2,11
1,0,0,-64,-1,10
1,0,0,-65,-1,10
1,0,0,-64,0,11
1,-1,0,-64,-1,11
1,-1,0,-64,0,11
0,-1,0,-64,1,11
0,-1,-1,-64,1,11
0,-1,-1,-65,0,10
0,-1,-1,-64,0,10
0,-1,-1,-64,0,11
0,-1,-1,-64,1,10
-1,-1,-2,-63,1,11
-1,-1,-2,-65,-3,11
0,0,0,-64,-2,11
0,0,0,-64,0,11
0,-1,-1,-65,-1,11
0,-1,-1,-64,-2,11
0,-1,-1,-65,-1,11
-1,-1,-1,-64,0,10
-1,-1,-1,-63,-1,11
-1,-1,-1,-63,-2,12
-1,-1,-1,-64,-1,11
-1,-1,-1,-64,-2,11
-1,-1,-1,-64,-4,12
-1,-1,-1,-65,-3,12
-1,-1,-1,-65,-4,12
-1,-1,-1,-65,-4,12
-1,-1,-1,-65,-4,12
-1,-1,-1,-64,-4,12
-1,-1,-1,-64,-4,13
-1,-1,-1,-63,-3,12
-1,-1,-1,-64,-3,12
-1,-1,-1,-64,-3,12
-1,-1,-1,-65,-4,12
0,0,0,-65,-5,13
0,-1,-1,-64,-4,12
0,-1,-1,-65,-4,12
0,-1,-1,-64,-3,12
-1,0,0,-63,-3,12
-1,0,-1,-64,-3,13
-1,0,0,-64,-4,13
-1,0,0,-63,-4,13
-1,0,0,-64,-4,13
0,0,0,-64,-4,12
0,0,0,-62,-5,13
1,0,-1,-63,-5,13
1,0,-1,-64,-5,12
1,0,-1,-64,-5,12
1,0,-1,-64,-4,12
2,1,-1,-64,-4,11
1,1,-1,-64,-4,11
1,0,-1,-64,-3,10
1,0,-1,-64,-4,9
1,0,-1,-65,-4,9
1,0,-1,-65,-2,9
1,0,-1,-64,-3,10
1,0,-1,-65,-4,9
2,0,-1,-65,-4,9
2,0,-1,-66,-4,10
2,0,-1,-66,-4,9
1,0,-1,-66,-4,9
1,-1,-1,-65,-4,11
1,-1,-1,-65,-4,12
1,-1,-1,-66,-4,11
1,-1,-1,-64,-4,11
0,-1,-1,-64,-4,11
0,-1,-1,-65,-4,11
0,-1,-1,-64,-4,11
0,-1,-1,-64,-4,11
0,-1,-1,-64,-4,12
0,-1,0,-64,-4,12
0,-1,0,-63,-5,11
0,-1,0,-64,-4,12
0,-1,0,-63,-3,12
0,-1,0,-64,-4,12
0,-1,0,-64,-5,12
0,-1,0,-64,-3,12
0,-1,0,-64,-3,12
0,-1,0,-64,-2,12
1,-2,0,-64,-2,13
1,-2,1,-64,-2,13
1,-2,0,-65,-2,12
1,-2,0,-65,-1,14
1,-2,0,-64,-1,14
1,-2,0,-64,-1,14
2,-1,0,-63,-1,15
1,-1,0,-62,-1,17
1,-1,0,-63,-1,17
1,-1,0,-63,-1,17
1,-1,0,-63,0,17
1,-1,-1,-63,0,18
1,-1,-1,-63,0,18
1,-1,-1,-64,0,17
1,-1,-1,-63,0,17
1,0,-1,-63,0,17
1,-1,-1,-63,1,18
1,-1,-1,-62,0,17
1,-1,-1,-62,1,17
1,-1,0,-62,1,17
1,-1,0,-61,1,18
1,-1,0,-62,2,19
1,-1,0,-63,2,18
1,-1,0,-62,1,16
2,-1,0,-62,3,18
2,-1,0,-62,5,19
2,0,0,-62,3,20
2,0,0,-61,3,19
2,-1,0,-63,5,20
2,-1,0,-62,5,20
2,0,0,-62,5,21
1,0,0,-62,5,19
1,0,0,-63,6,19
1,0,0,-62,6,19
1,1,0,-63,6,19
1,1,-1,-63,7,18
1,0,0,-63,7,17
1,0,0,-63,6,15
1,1,-1,-63,7,15
1,1,-1,-63,7,15
1,1,-1,-62,6,15
1,1,-1,-62,6,15
1,1,-1,-63,7,14
1,0,-1,-63,7,14
1,0,-1,-63,6,15
1,0,-1,-63,7,14
0,0,-1,-62,6,13
0,0,-1,-64,6,13
0,0,-1,-64,6,14
0,0,-1,-64,6,13
0,0,-1,-64,5,12
0,1,-1,-64,6,12
0,1,-1,-64,5,12
0,0,-1,-64,5,12
0,0,-1,-65,5,12
0,1,-1,-64,5,11
0,1,-1,-64,5,10
0,1,-1,-64,4,9
0,1,-1,-64,5,9
0,1,-1,-64,4,8
0,2,-1,-64,4,9
0,2,-1,-63,4,8
0,2,-1,-64,3,6
0,2,-1,-64,4,6
0,2,-1,-64,3,6
0,1,-1,-65,4,6
-1,1,-1,-64,2,4
-1,2,-2,-65,3,3
-1,1,-1,-64,2,3
-1,1,-2,-64,2,1
-1,2,-1,-64,2,1
-1,1,-1,-65,1,1
-1,1,-1,-64,1,0
-1,1,-1,-64,1,-1
-1,2,-1,-65,1,-1
-1,1,-1,-64,1,-1
-1,2,-1,-64,0,-2
-1,2,-1,-65,0,-3
-1,2,-1,-65,0,-4
-1,2,-1,-65,0,-5
-1,2,-1,-65,0,-6
-1,1,-1,-64,0,-6
-1,1,-1,-65,0,-7
-1,1,-1,-65,0,-7
-1,1,0,-64,-1,-7
-1,1,0,-64,0,-8
-1,1,0,-64,0,-8
-1,1,0,-63,-1,-9
-1,1,0,-63,0,-10
-1,2,-1,-64,0,-10
-1,1,0,-65,0,-11
-1,1,0,-63,0,-13
-1,1,-1,-64,0,-14
-1,1,-1,-65,0,-14
-1,1,-1,-63,0,-14
-1,1,-1,-63,0,-14
-1,1,-1,-64,-1,-14
-1,1,-1,-64,0,-14
-1,1,-1,-63,-1,-15
-1,1,-1,-63,-1,-16
-1,1,-1,-63,0,-16
-1,0,-1,-61,-1,-16
-1,1,-1,-61,0,-17
-1,1,-1,-62,0,-17
-1,1,0,-61,0,-17
-1,1,0,-60,-1,-18
-1,1,-1,-62,0,-18
-1,1,0,-63,0,-19
-1,1,0,-61,-1,-19
-1,1,0,-62,-1,-19
-1,0,0,-62,0,-20
-1,0,0,-62,0,-20
-1,0,0,-61,0,-21
-1,0,0,-61,0,-21
-1,0,-1,-61,0,-21
-1,0,-1,-62,1,-20
-1,-1,-1,-61,1,-20
-1,0,-1,-61,0,-21
-1,0,-1,-61,0,-21
-1,0,-1,-61,0,-20
-1,0,0,-61,0,-21
-1,0,0,-60,0,-21
-1,0,0,-60,1,-20
-1,0,0,-61,1,-21
-1,0,0,-59,0,-21
-1,0,0,-60,1,-20
-1,0,0,-60,2,-21
-1,0,0,-59,2,-22
-1,1,0,-60,2,-23
-1,1,0,-59,2,-24
-1,1,0,-59,3,-22
-1,1,0,-60,3,-22
-1,1,0,-60,3,-24
-1,1,0,-60,3,-26
-1,1,0,-60,3,-27
-1,1,0,-60,3,-25
-1,1,0,-60,4,-25
-1,0,-1,-59,3,-26
-1,0,-1,-60,3,-27
0,0,-1,-58,3,-27
0,0,-1,-59,3,-26
-1,0,0,-59,3,-27
-1,0,0,-58,3,-27
-1,0,0,-59,3,-28
0,-1,0,-59,3,-28
0,-1,0,-58,3,-28
0,-1,0,-59,3,-28
0,-1,0,-59,3,-27
0,-2,0,-58,4,-27
0,-2,0,-58,4,-26
0,-2,0,-59,3,-26
0,-2,0,-59,4,-25
0,-2,0,-59,4,-25
0,-2,0,-59,3,-25
0,-2,0,-60,4,-24
0,-2,0,-60,4,-24
0,-1,0,-59,3,-23
0,-1,0,-60,3,-22
0,-1,0,-60,3,-22
0,-1,0,-60,4,-22
0,-1,0,-60,4,-21
0,-1,0,-60,3,-22
0,-1,0,-60,3,-22
-1,-1,0,-60,4,-22
0,-1,0,-60,4,-22
0,-1,0,-60,4,-22
0,-1,0,-60,4,-22
-1,-1,0,-61,4,-22
-1,-1,0,-61,4,-22
-1,-1,0,-60,4,-22
-1,-1,0,-59,4,-22
0,-1,-1,-60,4,-21
0,0,-1,-60,4,-21
0,-1,-1,-60,4,-21
0,-1,-1,-61,4,-21
-1,-1,-1,-61,4,-21
-1,-1,0,-60,4,-21
-1,-1,0,-61,4,-21
-1,-1,-1,-61,4,-22
-1,-1,-1,-61,3,-22
-1,-1,-1,-61,4,-21
-1,-1,-1,-61,4,-21
-1,-1,-1,-61,4,-21
-1,-1,-1,-60,4,-21
-1,-1,-1,-60,4,-21
-1,-1,-1,-61,4,-21
-1,-1,-1,-61,3,-21
-1,-1,-1,-61,3,-21
0,-1,-1,-61,3,-21
0,-1,-1,-61,3,-21
0,-1,-1,-61,3,-21
0,-1,-1,-61,3,-20
0,-1,-1,-61,3,-20
0,-1,-1,-61,3,-20
0,-1,-1,-61,3,-20
0,-1,-1,-60,2,-20
0,-1,-1,-60,2,-20
0,-1,0,-61,2,-20
0,-1,0,-61,3,-20
0,-1,0,-60,2,-19
0,-1,0,-60,2,-19
-1,-1,0,-61,3,-20
-1,-1,0,-61,3,-20
-1,-1,0,-62,3,-19
-1,-1,0,-62,3,-20
-1,-1,0,-62,3,-19
-1,-1,-1,-62,3,-19
-1,-1,-1,-62,3,-19
-1,-1,-1,-62,2,-19
0,-1,-1,-61,2,-19
0,-1,-1,-62,2,-19
0,-1,-1,-62,2,-18
0,-1,-1,-62,2,-18
0,-1,-1,-62,2,-18
0,-1,-1,-62,2,-18
0,-1,-1,-62,2,-17
0,-1,-1,-62,2,-17
0,-1,-1,-62,2,-17
0,-1,-1,-62,2,-18
0,-1,-1,-62,2,-18
0,-1,-1,-62,2,-17
0,-1,0,-61,2,-17
0,-1,0,-62,2,-18
0,-1,0,-62,2,-18
0,-1,0,-62,2,-18
0,-1,0,-62,2,-17
0,-1,0,-62,2,-18
0,-1,0,-62,2,-18
0,-1,0,-62,2,-17
0,-1,0,-62,2,-17
0,-1,0,-62,2,-17
0,-1,0,-62,2,-18
0,-1,0,-62,1,-18
0,-1,0,-62,2,-16
0,-1,0,-62,2,-16
0,-1,0,-62,2,-17
0,-1,0,-62,2,-16
0,-1,0,-63,2,-16
0,-1,0,-62,2,-16
0,-1,0,-62,2,-16
0,-1,0,-62,2,-16
0,-1,0,-62,2,-17
0,-1,0,-63,1,-16
0,-1,0,-63,2,-15
0,-2,0,-62,2,-15
0,-2,0,-62,2,-16
0,-1,0,-62,2,-15
0,-1,0,-63,2,-14
0,-1,0,-62,2,-15
0,-1,0,-62,2,-15
0,-1,0,-63,2,-14
0,-2,0,-62,2,-14
1,-1,0,-62,2,-14
1,0,0,-63,2,-13
0,0,0,-63,2,-13
0,0,0,-64,3,-13
0,-1,0,-64,3,-13
0,-1,0,-65,2,-12
0,-2,0,-63,3,-12
-1,-1,0,-63,2,-13
-1,-1,0,-64,3,-12
-1,-1,0,-64,2,-12
-1,-1,0,-63,2,-12
-1,-1,0,-63,1,-12
-1,-1,-1,-63,2,-12
0,-1,-1,-63,3,-12
0,-1,0,-63,3,-9
0,-1,0,-63,3,-10
0,-1,0,-63,2,-11
0,-1,0,-63,3,-12
0,-1,0,-63,3,-11
0,-1,0,-63,3,-10
0,-1,0,-63,3,-10
0,-1,0,-64,3,-9
1,-1,0,-64,5,-7
0,-1,0,-63,4,-9
0,-1,0,-64,3,-9
0,-1,0,-65,4,-9
0,-1,0,-64,5,-9
0,0,0,-64,5,-9
0,0,0,-64,3,-9
0,0,-1,-64,3,-11
0,0,0,-64,4,-11
0,0,0,-64,4,-10
0,0,0,-63,4,-10
1,0,0,-63,4,-11
1,0,0,-64,4,-10
1,0,0,-63,3,-10
0,0,0,-64,4,-11
0,0,0,-64,5,-10
0,0,0,-64,4,-11
0,0,0,-63,4,-11
0,0,0,-62,3,-12
0,1,-1,-64,4,-11
0,0,-1,-65,4,-11
0,0,-1,-64,4,-11
0,0,-1,-63,4,-11
0,-1,0,-63,4,-12
0,0,0,-64,3,-12
0,0,-1,-63,3,-12
0,0,-1,-63,3,-13
0,-1,0,-63,4,-12
0,-1,0,-63,3,-12
0,-1,0,-63,3,-12
0,-1,0,-64,4,-13
0,0,0,-63,4,-12
0,-1,0,-62,3,-11
0,0,0,-63,3,-12
1,0,0,-64,4,-13
1,0,0,-63,3,-12
1,0,0,-63,3,-11
0,0,0,-62,3,-13
0,0,0,-62,4,-13
1,0,0,-64,4,-12
1,0,0,-63,3,-13
0,0,0,-63,4,-12
0,0,0,-63,4,-13
0,0,0,-63,3,-13
0,0,0,-64,4,-12
0,0,0,-64,4,-12
0,0,0,-63,3,-13
0,0,0,-63,3,-14
0,0,0,-63,4,-13
0,-1,0,-63,3,-13
0,-1,0,-63,3,-14
0,-1,0,-63,3,-15
1,0,0,-63,3,-15
1,0,0,-63,4,-14
1,0,0,-63,5,-13
1,0,0,-63,5,-13
1,0,0,-63,5,-13
1,0,0,-63,5,-14
1,0,0,-63,4,-14
1,0,-1,-62,5,-14
1,0,-1,-63,5,-14
1,0,-1,-63,4,-15
1,-1,0,-63,4,-14
1,0,-1,-63,3,-14
1,0,-1,-62,4,-14
1,0,-1,-63,4,-14
1,0,0,-63,3,-14
1,0,0,-63,4,-15
1,0,0,-62,4,-15
1,0,0,-62,4,-15
0,0,0,-62,3,-15
1,0,0,-62,4,-15
1,0,0,-63,4,-15
1,0,0,-63,5,-15
1,0,0,-63,5,-14
0,-1,0,-63,5,-15
0,-1,0,-63,5,-16
0,-1,0,-63,5,-15
0,-1,0,-63,4,-16
0,0,-1,-62,4,-16
0,0,-1,-61,5,-15
0,-1,-1,-62,5,-15
0,-1,-1,-62,5,-15
0,-1,-1,-62,4,-16
0,-1,0,-62,4,-15
0,-1,0,-62,4,-14
0,0,0,-62,4,-15
1,0,0,-62,4,-15
1,0,0,-63,3,-15
1,-1,0,-63,4,-15
1,0,0,-63,4,-15
0,0,0,-62,4,-15
0,0,0,-63,4,-15
0,-1,0,-63,5,-15
0,-1,0,-63,5,-15
0,-1,0,-63,6,-14
0,-1,0,-64,5,-15
0,-1,0,-64,5,-15
0,-1,0,-63,5,-14
0,-1,-1,-63,5,-15
0,-1,-1,-62,4,-15
0,-1,-1,-63,5,-15
0,-1,-1,-63,4,-15
0,-1,-1,-62,3,-15
0,0,-1,-62,3,-15
0,0,-1,-62,3,-15
1,0,-1,-62,3,-15
1,0,-1,-63,3,-15
1,-1,0,-63,4,-15
1,0,0,-63,4,-15
1,0,0,-62,4,-15
1,-1,0,-61,4,-15
1,-1,0,-61,4,-15
0,-1,0,-62,4,-15
1,-1,0,-61,4,-15
1,-1,0,-62,5,-15
1,-1,0,-62,5,-15
0,-1,0,-62,6,-14
0,-1,0,-63,3,-15
0,-1,0,-62,6,-15
0,-1,0,-63,6,-14
0,-1,0,-63,7,-14
0,-1,0,-63,6,-15
1,-1,0,-62,5,-14
1,-1,0,-63,4,-15
1,-1,-1,-63,4,-14
1,0,-1,-63,5,-14
1,-1,-1,-62,6,-14
1,-1,0,-62,5,-14
1,-1,0,-62,4,-14
1,-1,0,-62,4,-14
1,-1,0,-62,5,-13
1,-1,0,-62,5,-13
1,-1,0,-61,4,-14
1,0,0,-62,5,-14
1,0,0,-63,6,-13
1,0,0,-64,7,-13
1,0,0,-64,7,-13
1,-1,0,-64,5,-14
0,-1,-1,-65,3,-14
0,-2,0,-64,3,-14
0,-2,0,-62,4,-13
0,-2,0,-61,4,-13
0,-1,0,-61,5,-12
0,-1,0,-64,5,-12
0,-1,0,-64,4,-12
0,-1,0,-63,4,-12
0,-1,0,-64,4,-12
0,-1,0,-64,5,-12
0,0,0,-63,5,-11
0,-1,0,-65,6,-11
0,-1,0,-64,6,-11
0,-1,0,-63,6,-10
0,-1,0,-64,7,-10
0,-1,0,-63,5,-11
0,-1,0,-63,6,-11
0,-1,0,-64,6,-11
0,-1,0,-63,5,-11
0,-1,0,-64,6,-10
-1,-1,0,-63,7,-10
-1,-2,0,-63,6,-9
-1,-2,0,-64,6,-9
-1,-1,0,-64,5,-9
0,-1,0,-62,6,-9
0,-1,0,-64,7,-8
0,-1,0,-64,7,-8
0,-1,0,-64,7,-8
0,-1,0,-64,7,-7
0,-1,0,-63,6,-7
0,-1,0,-63,8,-6
0,-2,0,-64,8,-6
0,-2,0,-63,7,-6
0,-1,0,-65,7,-6
0,-1,0,-64,8,-6
0,-1,0,-63,9,-5
-1,-1,0,-63,9,-5
-1,-1,0,-63,8,-5
-1,-1,0,-65,8,-6
-1,-1,0,-64,8,-6
-1,-1,0,-63,11,-4
-1,-1,0,-64,10,-4
-1,-1,0,-63,9,-3
0,-1,0,-64,10,-3
0,-1,0,-64,10,-3
0,-1,0,-64,9,-3
0,-1,0,-64,9,-4
0,-1,0,-63,10,-3
0,-1,0,-62,11,-4
0,-1,0,-62,11,-4
0,-1,0,-62,10,-4
0,-1,0,-62,10,-5
0,-1,0,-62,10,-5
0,-1,-1,-63,10,-6
0,-1,-1,-64,10,-6
0,-1,-1,-64,9,-6
0,-1,-1,-65,10,-5
0,0,-1,-65,11,-3
1,0,-1,-65,10,-4
1,0,-1,-64,9,-4
1,0,-1,-64,10,-4
1,0,-1,-64,10,-4
1,0,-1,-64,11,-4
1,0,-1,-63,10,-4
1,0,-1,-63,10,-5
1,0,0,-63,9,-5
1,-1,-1,-63,9,-5
1,-1,0,-64,8,-4
0,-1,0,-64,9,-4
0,-1,0,-64,10,-4
0,-1,0,-64,10,-3
0,-1,0,-63,10,-3
0,-1,0,-62,10,-3
0,-1,0,-63,11,-2
1,-1,0,-63,9,-3
1,-1,0,-63,9,-4
0,0,0,-62,9,-3
1,0,0,-62,12,-5
0,0,0,-63,12,-4
0,0,0,-63,13,-3
0,0,-1,-62,12,-5
0,0,-1,-65,11,-5
0,0,0,-66,10,-4
0,0,0,-67,9,-5
0,0,0,-63,10,-6
1,1,0,-64,11,-6
1,1,0,-64,9,-6
1,1,0,-65,10,-6
2,1,-1,-63,11,-8
2,1,-1,-63,11,-8
1,1,-1,-64,11,-9
1,0,-1,-65,12,-9
0,0,-1,-64,10,-8
0,0,-1,-61,7,-10
0,-1,-1,-62,9,-10
0,-1,0,-61,9,-9
0,-2,1,-64,10,-9
0,-3,1,-67,11,-6
-1,-1,1,-60,9,-8
-1,0,0,-61,10,-9
-1,1,0,-63,12,-6
-1,-1,0,-62,16,-7
-2,-5,1,-64,18,-8
-2,-6,1,-65,12,-4
-3,-6,0,-64,11,-2
-2,-4,-1,-65,5,-2
0,2,-3,-65,9,-2
2,4,-1,-62,11,-3
1,2,1,-58,16,-5
0,0,2,-58,20,-7
-1,-1,2,-60,18,-6
-1,-2,1,-64,16,-5
-1,-1,-1,-64,10,-5
0,0,-2,-59,10,-3
0,0,-1,-60,14,-2
-1,-1,0,-63,11,-4
0,0,-1,-62,11,-4
0,0,-1,-66,16,-4
0,1,-1,-65,15,-6
0,1,-1,-61,14,-6
0,-1,-1,-62,13,-5
-1,-1,-1,-65,13,-5
-1,-2,-1,-64,14,-3
-1,-2,-1,-63,10,-5
0,0,-2,-63,10,-4
0,0,-1,-65,12,-3
0,-1,-1,-65,10,-4
0,0,0,-63,12,-4
0,0,0,-62,14,-4
0,-1,0,-62,11,-4
0,0,0,-60,8,-4
0,0,0,-62,12,-4
0,0,0,-64,13,-4
0,0,0,-64,12,-5
0,0,-1,-63,13,-5
0,0,-1,-64,14,-4
0,-1,-1,-65,13,-4
0,-1,-1,-63,13,-4
0,-1,-1,-62,11,-5
0,0,-1,-62,11,-5
0,0,0,-63,12,-4
0,-1,0,-63,8,-5
0,0,-1,-62,8,-6
0,0,-2,-61,14,-5
-1,0,-2,-62,12,-8
0,0,-1,-63,13,-8
0,0,-1,-64,7,-8
1,0,0,-67,8,-6
1,0,0,-68,10,-7
1,-1,-1,-64,10,-7
2,-1,-1,-63,10,-6
2,-1,-1,-64,9,-6
2,-2,-2,-63,10,-5
2,-2,-2,-61,7,-6
2,-1,-2,-61,9,-5
2,-1,-1,-62,10,-6
2,-1,0,-63,8,-7
2,0,-1,-64,8,-5
2,0,-1,-66,8,-5
1,0,-1,-67,7,-5
1,-1,-1,-66,5,-6
2,-1,-1,-62,6,-7
2,-1,-1,-61,6,-6
2,-1,-1,-64,6,-6
2,-1,-1,-65,6,-5
2,-1,-1,-65,5,-5
2,-2,-1,-64,6,-6
2,-2,-1,-60,7,-6
2,-1,0,-60,7,-6
2,-1,0,-64,6,-5
2,-1,0,-66,5,-3
2,-1,0,-66,6,-3
2,-1,0,-65,5,-3
2,-1,-1,-63,6,-2
2,-1,0,-62,7,-2
1,-1,0,-64,6,-2
1,0,0,-65,6,-3
1,0,0,-65,7,-4
1,0,0,-64,7,-6
1,-1,0,-64,8,-5
1,-1,0,-63,8,-4
1,-1,0,-63,7,-4
2,-1,0,-65,6,-4
2,0,0,-65,6,-3
2,-1,0,-64,6,-4
2,-1,0,-64,7,-3
2,-1,0,-65,7,-3
1,-2,0,-64,7,-2
1,-2,0,-65,7,-2
1,-2,-1,-63,7,-4
2,-2,0,-63,8,-5
2,-2,0,-63,9,-7
3,-2,0,-59,7,-2
3,-1,1,-65,9,8
1,0,1,-70,8,3
1,0,-1,-66,6,-3
2,0,-1,-60,7,-2
2,0,-1,-61,6,0
1,0,0,-63,7,-1
1,0,0,-63,7,-4
1,0,0,-65,7,-2
1,0,0,-66,7,0
1,0,-1,-64,6,-2
1,0,-1,-64,7,-4
1,0,-1,-64,8,-5
1,0,-1,-64,8,-4
1,0,-1,-66,7,-5
1,0,-1,-64,6,-3
1,0,-1,-65,6,-1
1,0,-1,-67,6,-4
1,-1,-1,-63,6,-5
1,-1,-1,-61,7,-4
1,0,-1,-65,6,-4
1,0,-1,-66,5,-4
1,0,-1,-66,6,-3
1,-1,-1,-65,6,-4
1,0,-1,-66,5,-7
1,0,-1,-65,5,-5
1,0,-1,-64,5,-4
1,0,-1,-64,5,-5
1,-1,-1,-63,5,-6
1,0,-1,-63,4,-6
2,0,-1,-65,3,-5
1,0,-1,-65,3,-3
1,0,-1,-63,3,-5
1,-1,-1,-63,3,-6
1,0,-1,-65,3,-6
1,0,-1,-64,3,-7
1,0,-1,-62,3,-7
2,0,0,-63,2,-5
1,0,0,-65,2,-3
1,0,-1,-64,4,-7
1,0,0,-63,2,-9
2,0,0,-65,1,-8
2,0,0,-66,3,-5
2,0,0,-66,2,-6
2,0,0,-66,2,-6
2,0,-1,-63,3,-8
2,0,0,-64,1,-9
2,0,0,-66,2,-7
2,-1,-1,-66,2,-7
2,-1,-1,-64,2,-8
2,-1,-1,-62,1,-7
2,-1,-1,-65,1,-6
2,-1,-1,-66,0,-7
2,-1,-1,-66,0,-6
2,-1,-1,-67,1,-6
2,-2,-1,-63,0,-6
2,-2,-1,-60,-2,-6
2,-2,-1,-61,0,-3
2,-1,-1,-65,-2,-2
1,-2,-1,-65,-1,-3
1,-2,-1,-64,-2,-6
1,-2,-1,-63,-2,-3
1,-1,-1,-64,-1,0
0,-1,0,-64,0,-2
0,-1,0,-65,-1,-5
1,-1,0,-67,-1,-2
0,-1,0,-66,0,-2
0,-1,0,-66,-1,-4
0,-1,-1,-65,0,-4
0,0,-1,-64,0,-5
1,0,0,-62,0,-7
1,0,0,-62,-2,-5
2,0,0,-67,-1,0
1,0,0,-67,0,0
0,-1,0,-63,0,-6
1,-1,0,-63,-1,-7
2,0,0,-67,-1,-3
2,-1,0,-68,-1,0
1,-1,-1,-67,-1,0
1,-1,-1,-65,0,-3
1,-1,-1,-62,-1,-5
1,-1,0,-63,-2,-5
2,-1,0,-67,-1,-1
1,-1,-1,-66,-1,0
1,-1,-1,-64,-1,-2
1,-1,-1,-63,-1,-4
1,-1,-1,-66,-1,-3
1,-1,-1,-65,0,-4
1,-1,-1,-64,-2,-5
2,-1,-1,-66,-2,-1
2,-1,-1,-66,-1,0
1,-1,-1,-65,-2,-3
2,-1,-1,-64,-2,-2
2,-1,-1,-63,-2,-1
2,-1,-1,-65,-2,0
1,-1,-1,-64,-3,-1
2,-1,-1,-64,-2,-2
2,-1,-1,-63,-2,-1
2,-1,0,-66,-2,1
2,-1,-1,-66,-3,2
2,-1,-1,-64,-2,-1
2,-1,-1,-64,-2,-4
3,0,-1,-67,-3,0
3,-1,-1,-68,-2,3
2,-1,-1,-65,-3,1
2,-1,-1,-62,-4,0
2,-1,-1,-63,-3,1
2,-1,-1,-64,-4,0
2,-1,-1,-65,-4,0
3,-1,-1,-65,-4,1
2,-1,-1,-63,-4,2
2,-1,-1,-64,-4,3
2,-1,-1,-66,-3,5
1,-1,-1,-66,-3,3
1,-1,-1,-67,-4,1
2,-1,-1,-65,-4,1
2,-1,-1,-64,-4,3
2,-1,-1,-66,-4,6
1,-1,-1,-66,-4,4
1,0,-1,-64,-4,1
1,0,-1,-64,-4,1
1,-1,0,-65,-4,2
1,-1,-1,-66,-4,4
1,-1,-1,-65,-4,2
1,-1,-1,-65,-4,1
1,0,-1,-65,-4,2
1,0,-1,-65,-4,2
1,0,-1,-65,-4,5
1,-1,-1,-65,-4,3
1,-1,-1,-65,-4,-1
2,-1,-1,-64,-5,2
2,-1,-1,-64,-4,6
1,-1,-1,-65,-5,3
1,-1,-1,-67,-6,1
2,-1,-1,-67,-4,4
2,-1,-1,-66,-4,7
1,-1,-1,-65,-5,3
1,-1,-1,-66,-5,3
2,-1,-1,-65,-5,5
1,-1,-1,-64,-6,3
2,-1,-1,-64,-6,6
1,-1,-1,-65,-5,6
1,0,-1,-64,-7,5
1,0,-1,-63,-6,8
1,0,-1,-64,-6,6
1,0,-1,-64,-7,5
1,0,-1,-63,-7,5
1,0,-1,-64,-7,5
1,0,0,-64,-6,4
1,0,0,-65,-6,3
1,0,0,-67,-6,3
1,0,-1,-65,-6,1
2,0,-1,-65,-6,1
2,0,-1,-67,-5,3
2,0,-1,-66,-6,0
3,0,-1,-67,-7,4
2,0,-1,-67,-7,6
2,0,-2,-65,-8,4
2,0,-2,-63,-7,6
2,0,-1,-63,-7,6
2,0,-1,-64,-8,4
2,0,-1,-63,-9,6
2,0,-1,-62,-8,7
1,0,-1,-62,-10,2
2,1,-1,-64,-10,2
3,1,-1,-67,-7,8
1,1,-1,-66,-9,3
1,1,-1,-65,-9,-4
2,1,-2,-69,-10,-2
3,-1,-3,-61,-10,2
2,1,-3,-60,-11,-3
2,1,-2,-61,-12,-6
4,0,-1,-63,-12,-4
4,-1,0,-68,-10,6
2,-5,0,-67,-10,14
0,-5,0,-63,-12,3
1,-4,0,-65,-11,0
2,-3,0,-66,-10,8
1,-2,0,-65,-10,10
0,-3,1,-62,-10,7
0,-3,1,-61,-10,8
1,-2,1,-64,-9,12
0,-2,1,-64,-8,13
0,-1,0,-64,-9,10
1,-1,0,-65,-8,11
1,0,0,-62,-8,11
1,0,0,-64,-8,11
1,0,0,-64,-7,13
1,0,0,-63,-7,11
1,1,0,-66,-7,9
1,1,0,-66,-7,10
1,1,-1,-66,-7,10
1,1,-1,-66,-6,11
0,1,-1,-65,-7,9
0,0,-1,-64,-7,9
0,0,-1,-66,-6,8
0,0,-1,-65,-8,7
0,1,-1,-62,-7,9
0,1,-1,-64,-7,8
0,1,0,-66,-7,6
0,0,-1,-65,-7,6
0,0,-1,-64,-7,9
0,-1,-1,-64,-8,9
0,-1,-1,-65,-7,11
-1,-1,-1,-64,-6,8
-1,0,-1,-64,-8,0
0,0,-1,-66,-8,8
0,0,-1,-64,-5,13
-1,-1,-1,-63,-9,5
-1,-1,0,-66,-8,10
-1,-1,0,-66,-6,13
-2,-2,-1,-64,-8,8
-2,-2,-1,-65,-7,15
-3,-3,0,-65,-7,7
-3,-2,-1,-66,-10,-3
-1,-1,-1,-63,-9,16
-2,-3,-1,-59,-5,27
-5,-3,0,-58,-9,5
-4,-2,1,-67,-10,2
-3,-2,0,-66,-7,10
-4,-1,0,-62,-7,19
-5,-1,0,-67,-9,18
-5,-3,0,-66,-10,15
-5,-3,0,-63,-3,19
-7,-3,0,-61,-5,7
-6,-2,0,-63,-11,0
-3,-3,0,-61,-10,11
-2,-2,0,-62,-8,28
-5,-2,1,-61,-4,28
-8,0,1,-65,-6,4
-7,-1,0,-70,-13,-6
-2,-2,-1,-61,-13,8
-1,-2,0,-58,-7,29
-4,-3,1,-60,-4,29
-7,-1,2,-65,-6,13
-6,0,1,-66,-9,8
-5,0,1,-66,-9,15
-4,-1,0,-61,-7,20
-6,-1,1,-57,-5,15
-6,1,2,-60,-7,8
-5,3,2,-68,-8,14
-4,2,1,-70,-7,24
-6,1,0,-65,-4,21
-8,0,0,-57,-5,5
-7,0,1,-62,-8,-3
-4,1,1,-67,-8,3
-2,1,0,-68,-6,15
-3,1,0,-66,-6,22
-5,1,-1,-63,-6,17
-7,0,-1,-62,-6,5
-6,0,0,-63,-8,-3
-4,0,0,-66,-10,3
-2,1,-1,-67,-9,16
-4,0,-1,-66,-7,21
-7,0,-1,-63,-6,12
-8,-1,-1,-64,-8,-1
-6,-1,-1,-65,-11,-3
-4,-1,-1,-67,-12,6
-3,0,-1,-65,-13,18
-5,0,-1,-63,-8,21
-8,0,0,-63,-6,11
-9,1,0,-64,-8,-1
-8,1,0,-62,-12,-5
-6,2,1,-64,-13,0
-5,2,1,-69,-12,7
-5,1,1,-67,-8,10
-7,1,0,-61,-7,4
-8,0,1,-62,-10,-2
-6,0,1,-65,-11,-2
-6,-1,1,-64,-8,1
-6,-1,1,-62,-4,1
-6,-1,1,-65,-5,-3
-5,-1,1,-67,-5,-4
-4,-2,0,-65,-4,1
-4,-2,0,-64,-2,1
-5,-2,0,-63,-2,-2
-4,-1,0,-64,-5,-2
-3,-1,1,-65,-4,1
-3,-1,1,-66,-4,5
-3,-2,0,-67,-5,7
-3,-2,0,-66,-4,8
-4,-2,0,-65,-3,8
-5,-1,0,-62,-3,4
-5,-1,0,-63,-3,1
-4,-1,1,-66,-1,2
-3,-1,0,-66,-1,5
-3,-1,0,-66,-2,7
-4,-1,0,-65,-1,6
-4,-1,0,-64,-1,5
-4,-1,0,-63,0,4
-3,0,0,-65,-2,4
-3,0,1,-67,-2,7
-3,0,0,-66,-1,8
-3,0,0,-65,-1,9
-4,0,0,-65,-1,7
-4,0,0,-64,0,4
-4,0,0,-64,1,3
-3,0,0,-65,1,3
-3,0,0,-64,0,4
-3,0,0,-62,2,6
-3,0,1,-64,2,5
-3,0,1,-66,2,5
-3,-1,0,-64,3,6
-3,-1,0,-65,3,5
-3,0,0,-65,5,2
-3,-1,0,-63,4,2
-2,-1,0,-64,3,4
-2,-1,0,-65,2,8
-2,-1,0,-66,3,8
-3,-1,0,-65,3,5
-2,-1,0,-64,3,5
-2,-1,0,-65,3,6
-2,-1,0,-64,3,6
-2,-1,0,-64,2,8
-3,-1,0,-64,5,7
-3,-1,0,-63,4,4
-3,-1,0,-63,5,4
-2,-1,0,-64,4,5
-2,-1,0,-64,5,7
-2,-1,0,-64,5,7
-2,-1,0,-65,5,5
-2,-1,0,-65,4,5
-1,-1,0,-62,4,8
-1,-1,0,-63,4,8
-1,-1,0,-66,4,7
-1,-1,0,-66,5,7
-1,-1,0,-65,5,9
-1,-1,-1,-64,4,9
-1,-1,0,-64,5,8
-1,-1,0,-65,5,7
-1,0,0,-65,4,9
-1,-1,0,-64,4,11
-1,-1,-1,-65,4,10
-2,-1,-1,-65,5,7
-1,-1,0,-64,5,8
-1,0,0,-63,5,9
-1,0,0,-64,6,8
-1,0,0,-66,5,7
-1,0,0,-65,4,7
-1,-1,0,-64,4,9
-1,-1,0,-65,5,10
-1,-1,0,-65,4,7
-1,0,0,-60,6,9
-1,0,0,-64,4,8
-1,0,0,-67,5,12
-2,-1,0,-65,5,12
-2,-1,0,-63,6,8
-3,-1,0,-63,5,9
-2,-1,0,-63,3,9
-2,0,0,-64,4,8
-1,0,0,-64,4,9
-1,0,0,-65,5,10
-1,0,0,-66,5,6
0,0,-1,-64,6,7
0,0,-1,-62,5,10
0,0,0,-62,5,9
0,0,0,-64,6,8
-1,0,0,-66,6,7
-1,-1,0,-67,3,6
0,-1,-1,-66,4,9
0,-2,-1,-64,7,7
0,-2,-1,-62,6,3
2,-2,-1,-65,1,4
3,-3,-1,-70,3,5
5,-3,-2,-69,4,4
7,-3,-2,-67,5,7
8,-3,-2,-60,14,18
5,-3,-2,-58,14,21
3,-2,-1,-59,8,14
3,-1,-1,-61,5,14
3,0,0,-67,7,17
2,1,0,-69,7,15
2,1,-2,-63,6,12
1,1,-2,-57,7,9
2,1,-1,-60,3,6
3,1,0,-64,3,8
4,1,0,-64,7,11
3,1,0,-63,6,8
4,1,0,-65,3,6
5,0,-1,-66,0,5
6,-1,-1,-65,5,13
5,-1,-1,-65,6,17
4,-1,-1,-63,7,13
3,-1,-1,-60,6,8
2,-1,-1,-63,4,7
3,-1,-1,-66,6,10
2,-1,-1,-63,5,12
2,-1,-1,-61,6,11
1,-1,-1,-62,6,10
1,-1,-1,-63,6,9
1,-1,-1,-64,4,8
1,-1,-1,-65,5,11
1,-1,-1,-65,5,11
1,-1,-1,-65,4,10
1,-1,-1,-64,5,13
1,-1,-1,-63,5,13
0,-1,-1,-64,4,9
1,0,-1,-64,5,8
1,-1,-1,-65,4,9
1,-1,-1,-65,5,12
1,-1,-1,-64,5,10
1,-1,-1,-65,4,8
1,-1,-1,-64,5,10
1,-1,-1,-62,5,9
1,-1,-1,-62,4,10
1,-1,-1,-64,3,12
1,-1,-1,-64,3,12
0,-1,-1,-63,3,10
0,-1,-1,-62,3,10
0,-1,-1,-64,3,9
1,-1,-1,-64,2,9
1,-1,-1,-63,3,12
1,-1,-1,-64,2,11
1,0,-1,-65,2,12
1,0,-1,-64,3,12
0,-1,-1,-64,2,8
1,-1,-1,-65,2,11
1,0,-1,-64,3,15
0,0,-1,-64,3,9
1,-1,-1,-64,1,5
2,-1,-1,-64,2,12
1,-1,-1,-63,2,15
0,-1,-1,-63,2,9
1,-1,-1,-63,1,7
1,0,-1,-64,2,14
1,0,-1,-64,3,13
0,0,-1,-65,0,10
1,-1,-1,-64,2,12
1,-1,-1,-63,3,9
1,-1,-1,-64,2,7
1,0,-1,-65,2,10
1,-1,-1,-65,2,12
1,-1,-1,-64,2,12
1,-1,-1,-65,2,10
1,-1,-1,-64,1,10
1,-1,-1,-63,1,11
1,-1,-1,-64,1,12
1,-1,-1,-65,2,9
2,-1,-1,-65,1,9
2,0,-1,-64,1,13
2,-1,-1,-62,2,13
1,-1,-1,-65,1,8
2,-1,-1,-64,1,7
2,-1,-1,-63,2,10
2,0,-1,-65,1,12
2,0,-1,-66,1,14
2,-1,-1,-65,2,11
2,-1,-1,-64,0,9
2,-1,-1,-63,2,13
2,-1,-1,-64,1,10
2,0,-1,-65,0,8
3,0,-1,-66,1,11
3,-1,-1,-67,2,13
2,-1,-1,-64,1,12
2,-1,-1,-62,0,12
2,-1,-1,-65,1,11
2,0,-1,-65,2,7
2,0,-1,-64,1,7
3,0,-1,-66,-1,10
3,0,-1,-66,0,14
2,0,-2,-63,1,11
2,0,-1,-62,-1,6
3,1,-1,-63,-1,9
3,0,-1,-66,0,11
3,1,-1,-68,1,8
3,1,-2,-67,-2,7
3,0,-2,-62,-2,8
4,-1,-2,-63,-2,7
4,-1,-2,-67,-3,4
5,-1,-3,-65,-2,8
5,-2,-3,-62,-2,12
4,-2,-2,-63,-3,7
5,-3,-2,-64,-3,4
5,-2,-2,-61,-3,9
5,-2,-2,-63,-3,15
4,-2,-2,-66,-4,13
4,-2,-2,-64,-4,12
4,-2,-2,-61,-4,15
4,-1,-2,-63,-4,13
4,-1,-2,-66,-4,10
4,0,-2,-63,-5,12
4,0,-2,-61,-6,15
3,0,-1,-61,-6,15
3,0,-1,-62,-5,14
3,0,-1,-63,-5,13
3,0,-1,-63,-5,13
3,0,-1,-64,-5,8
4,1,-1,-63,-5,6
5,1,-1,-66,-4,13
4,0,-1,-65,-4,16
3,0,-1,-62,-5,11
4,0,-1,-65,-4,14
3,-1,-1,-69,-5,12
3,0,-2,-65,-5,10
4,1,-2,-60,-4,14
3,1,-1,-62,-5,12
4,1,-1,-66,-6,12
3,0,-1,-68,-5,13
3,-1,-2,-66,-6,12
3,-1,-2,-61,-6,12
2,-1,-1,-60,-6,13
2,-1,-1,-63,-6,12
2,0,-1,-67,-7,9
2,0,-1,-63,-7,10
2,0,-1,-61,-7,11
2,0,-1,-65,-7,8
2,0,-1,-66,-6,8
2,0,-1,-65,-6,8
2,1,-1,-65,-6,8
3,1,-1,-64,-6,9
3,1,-1,-64,-6,9
3,1,-1,-65,-6,10
2,0,-1,-66,-6,9
2,0,-1,-64,-6,8
2,0,-1,-64,-6,8
2,0,-1,-65,-6,9
2,0,-1,-64,-6,6
2,0,-1,-64,-6,5
3,0,-1,-61,-6,11
2,0,0,-62,-5,12
2,0,0,-64,-6,8
2,0,0,-66,-4,10
2,-1,0,-66,-5,9
2,0,0,-66,-5,6
3,0,0,-63,-4,12
2,0,0,-65,-4,15
1,0,0,-65,-5,10
1,0,0,-63,-5,5
1,0,0,-66,-5,8
1,0,0,-68,-4,12
1,0,-1,-65,-5,6
1,0,-1,-65,-5,4
1,0,-1,-66,-4,5
1,1,-1,-69,-4,2
2,1,-1,-68,-3,7
2,1,-2,-65,-4,11
1,0,-1,-64,-5,7
1,0,-1,-66,-6,-1
1,0,-1,-67,-7,-3
3,0,-2,-64,-5,9
2,0,-2,-60,-5,15
0,-1,-1,-60,-7,6
0,-1,-1,-62,-9,0
2,-1,-1,-65,-6,9
1,-1,-1,-65,-5,13
0,-1,-1,-64,-7,6
1,-1,-1,-62,-8,6
1,0,-1,-65,-6,13
0,-1,-1,-65,-7,13
-1,-1,-1,-64,-7,9
-1,-1,0,-64,-8,4
0,0,-1,-68,-9,3
1,0,-1,-65,-6,15
-1,-1,-1,-62,-7,11
-1,-1,0,-67,-8,8
-1,-1,-1,-62,-8,9
-1,-1,-1,-60,-7,12
-1,-1,0,-64,-7,15
-3,-1,0,-64,-8,10
-2,-1,0,-67,-7,14
-3,-2,-1,-62,-7,13
-4,-2,-1,-62,-8,5
-3,-2,0,-66,-9,6
-3,-1,-1,-64,-9,8
-2,-1,-1,-64,-8,12
-3,-1,-1,-64,-9,12
-3,-1,-1,-61,-10,11
-3,-2,0,-63,-9,9
-4,-2,0,-65,-10,2
-2,-1,0,-69,-10,9
-2,-1,-1,-66,-7,21
-5,-2,-1,-58,-9,9
-4,-3,0,-62,-12,4
-2,-3,0,-66,-9,12
-3,-3,0,-63,-9,8
-3,-2,0,-67,-10,6
-1,-2,0,-65,-10,13
-1,-2,-1,-62,-7,19
-3,-5,0,-62,-9,9
-2,-5,1,-64,-11,2
0,-3,0,-68,-8,15
0,-2,-1,-64,-7,22
-1,-1,-1,-62,-8,19
-1,-1,-1,-59,-9,17
0,0,-1,-57,-10,19
-1,0,0,-59,-9,22
-1,0,0,-58,-10,17
-1,2,0,-58,-10,16
0,4,0,-59,-9,22
-1,4,0,-60,-8,22
-2,4,1,-59,-8,13
-2,4,1,-61,-9,6
-1,5,1,-64,-6,8
-1,4,2,-65,-5,11
-1,2,2,-70,-3,11
-2,0,2,-72,-2,4
-2,0,2,-69,-4,-3
0,1,1,-68,-2,4
0,1,1,-73,-1,8
0,1,0,-72,-2,4
0,1,0,-65,-2,4
0,1,0,-63,-2,5
0,0,0,-64,-1,7
-1,-1,1,-67,-1,4
-1,-1,0,-67,-3,0
0,0,0,-64,-1,5
0,-1,0,-64,0,11
-1,-2,0,-65,-1,7
-2,-3,0,-66,-2,2
-2,-4,-1,-66,-1,2
-1,-3,-1,-64,-2,3
-1,-2,-1,-62,-1,9
0,-3,-1,-63,0,15
-1,-5,-1,-59,-1,16
-2,-5,0,-59,-2,14
-2,-6,0,-63,-3,8
-2,-5,0,-68,-2,11
-1,-4,-1,-65,-2,18
-1,-4,-1,-59,-1,22
-2,-5,0,-56,-2,20
-2,-6,1,-64,-2,10
-1,-2,0,-74,-3,8
2,2,-2,-70,1,29
1,0,-3,-56,1,39
-2,-2,-1,-52,-4,20
-2,-1,0,-60,-6,11
0,0,0,-65,-2,24
0,0,-1,-62,-2,27
-1,-1,0,-59,-4,21
-1,0,0,-62,-3,23
-1,1,0,-60,-3,22
-1,2,0,-58,-4,20
-1,2,0,-63,-2,23
-1,2,0,-64,-2,23
-2,3,0,-63,-2,23
-3,3,0,-64,-1,14
-3,2,0,-65,-4,7
-1,1,0,-65,-2,19
-2,1,0,-64,-1,25
-4,1,0,-62,-2,20
-5,0,0,-64,-2,14
-5,1,0,-62,-1,9
-5,1,0,-64,-3,2
-3,0,0,-64,-5,3
-1,1,0,-60,-3,15
-2,2,0,-60,-2,15
-2,3,0,-64,-3,9
-2,4,0,-63,-3,8
-1,5,0,-63,-2,10
-2,5,0,-63,-1,6
-2,6,0,-64,-2,0
-1,5,0,-68,-1,4
-2,3,0,-65,-1,2
-2,3,0,-60,-4,-4
-2,3,0,-64,-2,-4
-1,3,0,-66,-1,-4
-2,2,0,-67,-1,-4
-2,3,0,-65,0,-7
-2,2,0,-66,1,-11
-2,1,0,-69,-2,-11
0,1,0,-67,0,-8
-1,0,0,-64,0,-9
-1,0,0,-64,-1,-14
-1,1,0,-68,-1,-12
1,1,-1,-69,0,-6
0,-1,-1,-64,0,-4
-1,-2,-1,-61,-1,-9
-1,-2,0,-65,-1,-13
-1,-2,-1,-69,-1,-10
0,-3,-1,-66,-1,-5
-1,-5,-1,-63,-1,-5
-1,-4,-1,-61,-2,-7
0,-3,-1,-65,-2,-4
0,-4,-1,-69,-1,0
0,-5,-1,-68,-1,3
-1,-7,-1,-64,-1,8
-2,-8,-1,-63,-3,0
-2,-7,-1,-63,-4,-4
0,-6,-1,-62,-4,3
1,-6,-1,-64,-2,15
-1,-7,-1,-63,-2,20
-2,-8,-1,-61,-3,19
-3,-10,0,-59,-3,12
-2,-8,0,-60,-4,10
0,-4,0,-65,-2,21
1,-3,-1,-63,-1,31
0,-2,-1,-57,-2,29
-1,-2,-1,-59,-3,26
-1,-3,0,-62,-3,26
-1,-2,-1,-61,-3,26
-1,-2,-1,-58,-3,27
0,-1,-1,-59,-3,29
-1,-1,-1,-59,-3,27
-1,-1,-1,-58,-4,25
0,-1,0,-59,-3,30
-1,0,0,-58,-3,29
-1,0,-1,-56,-4,27
-1,0,0,-58,-3,28
-1,0,0,-59,-4,24
-1,1,0,-61,-3,24
-1,1,0,-61,-3,25
-1,1,0,-59,-3,26
-1,1,0,-60,-3,24
-1,1,0,-64,-3,24
-1,1,-1,-62,-2,26
-1,0,-1,-59,-4,21
-1,1,0,-60,-4,22
0,1,0,-62,-2,26
-1,0,0,-61,-3,23
-1,0,0,-59,-4,20
0,1,0,-60,-2,23
-1,1,0,-62,-2,24
-1,1,0,-62,-3,21
-1,1,0,-61,-2,21
-1,1,0,-62,-2,20
-1,1,0,-61,-3,19
-1,2,0,-62,-2,21
-1,2,0,-64,-1,22
-1,1,0,-64,-2,20
-1,1,0,-61,-2,19
-2,2,0,-60,-2,17
-2,2,0,-63,-2,13
-1,2,0,-66,-2,13
-1,1,0,-64,-1,16
-1,2,0,-61,-1,14
-1,2,0,-61,-1,13
-1,2,1,-63,-1,13
-2,3,1,-65,0,13
-2,2,0,-66,1,7
-2,1,0,-65,0,3
-1,1,0,-66,1,7
-1,2,0,-66,2,11
-2,2,0,-65,2,7
-1,1,0,-66,1,4
-1,1,0,-67,2,6
-1,1,0,-65,3,5
-2,1,0,-64,2,2
-1,1,0,-66,2,3
-1,1,0,-65,2,5
-2,1,0,-64,2,5
-2,1,0,-66,3,2
-2,0,0,-64,2,-2
-1,1,0,-63,2,0
-1,1,0,-64,3,3
-1,1,0,-66,3,1
-1,0,0,-65,2,-1
-1,0,-1,-62,3,0
-1,1,0,-62,3,-2
-1,0,0,-65,3,-3
-1,0,0,-64,2,-1
-1,1,0,-63,3,2
-1,1,0,-65,4,4
-2,0,0,-65,4,2
-2,0,0,-65,4,-1
-2,0,0,-65,4,-5
-2,0,0,-64,3,-6
-1,1,0,-65,4,0
-2,0,0,-66,5,1
-2,-1,0,-66,5,-5
-2,-1,0,-66,4,-6
-1,0,0,-64,5,-3
-2,0,0,-64,6,-3
-2,-1,0,-66,5,-5
-1,0,0,-66,5,-5
-1,0,-1,-64,5,-2
-1,0,0,-64,5,-2
-1,0,0,-64,5,-4
-1,-1,0,-67,5,-5
-1,-2,-1,-67,5,-4
0,-2,-1,-66,5,-2
0,-4,-1,-67,5,-1
0,-5,-1,-67,3,2
0,-5,-2,-65,4,7
-1,-5,-2,-65,4,5
-2,-5,-2,-66,2,0
-1,-5,-2,-65,2,4
0,-5,-2,-62,2,9
0,-4,-2,-62,1,13
-1,-3,-2,-63,1,14
-1,-4,-2,-65,1,15
-1,-4,-2,-64,0,16
-1,-4,-2,-64,0,17
-2,-5,-2,-63,-1,16
-2,-5,-2,-62,-2,14
-1,-5,-2,-59,-3,18
-1,-4,-2,-61,-2,22
-1,-4,-1,-63,-3,22
-1,-4,-2,-62,-4,24
-1,-4,-2,-60,-3,25
-1,-4,-1,-60,-4,23
-1,-3,-1,-61,-4,25
0,-3,-1,-61,-4,31
-1,-3,-2,-59,-4,30
-1,-3,-1,-58,-5,27
-1,-3,-1,-59,-5,29
-1,-3,-1,-58,-5,31
-1,-3,-1,-56,-6,29
-1,-3,-1,-56,-6,30
-1,-2,-1,-56,-7,31
-1,-2,-1,-54,-8,32
-1,-2,-1,-53,-8,32
-1,-2,-1,-54,-8,32
0,-1,-1,-55,-8,33
0,-2,-1,-57,-8,32
0,-2,-1,-56,-8,33
0,-1,-1,-53,-8,34
0,-1,0,-54,-8,33
0,0,0,-57,-8,34
1,1,-1,-57,-7,37
0,1,-1,-56,-7,35
0,1,0,-53,-8,31
1,2,0,-56,-7,33
1,2,0,-60,-5,37
0,1,0,-59,-6,36
0,0,0,-56,-6,32
0,-1,0,-57,-5,28
0,0,0,-56,-7,24
2,2,0,-57,-5,32
1,2,0,-61,-4,41
0,0,0,-59,-4,37
-1,-1,0,-55,-6,28
-1,-2,0,-58,-5,26
0,-2,0,-61,-4,28
0,0,0,-58,-4,29
0,1,0,-57,-3,29
0,1,0,-56,-4,26
1,3,0,-57,-4,29
1,3,0,-60,-2,35
0,2,0,-60,-2,34
-1,1,0,-56,-2,27
-1,1,1,-56,-2,20
0,3,1,-60,-2,20
1,4,1,-64,0,27
1,3,0,-61,0,29
0,2,0,-59,0,24
-1,2,1,-59,0,17
0,2,1,-62,1,15
1,3,1,-66,2,19
1,3,0,-62,2,21
0,4,0,-60,3,19
0,4,1,-63,3,14
0,4,1,-67,4,12
0,5,1,-67,4,11
0,5,0,-63,5,8
1,6,0,-64,5,7
1,6,0,-66,6,8
1,6,0,-64,5,6
0,6,0,-62,6,3
0,6,0,-63,6,-1
0,6,0,-66,6,-4
0,5,0,-64,7,-5
0,5,0,-64,7,-7
-1,5,0,-63,7,-8
-1,4,0,-63,7,-11
-2,2,0,-62,7,-14
-2,3,0,-62,6,-16
-1,3,0,-61,7,-17
0,3,0,-61,7,-16
0,3,0,-64,8,-13
-1,2,0,-61,9,-18
-1,3,0,-58,7,-24
0,3,0,-63,8,-18
0,2,0,-62,9,-18
-1,2,0,-57,7,-22
-1,2,0,-60,8,-19
-1,2,0,-61,8,-22
-1,1,0,-60,8,-22
-1,1,-1,-59,9,-21
-2,0,-1,-56,9,-26
-2,0,0,-55,9,-30
-1,2,0,-58,10,-27
-1,1,0,-63,10,-22
-1,1,-1,-63,10,-20
-2,0,-1,-59,10,-22
-3,-1,-1,-60,10,-26
-3,-1,-2,-63,10,-26
-3,-3,-2,-64,10,-20
-5,-5,-3,-60,11,-18
-7,-5,-3,-61,11,-20
-7,-4,-3,-61,11,-21
-7,-4,-3,-57,10,-21
-6,-3,-3,-57,10,-21
-6,-3,-2,-63,10,-21
-5,-3,-2,-70,8,-18
-4,-3,-3,-69,7,-8
-4,-3,-4,-65,6,-3
-5,-3,-4,-67,6,-3
-7,-3,-4,-63,8,-8
-8,-3,-4,-59,5,-14
-7,-2,-3,-61,2,-16
-5,-1,-3,-61,3,-14
-4,-1,-3,-63,4,-10
-4,-1,-3,-64,3,-7
-5,-1,-3,-67,1,-5
-5,0,-3,-69,-1,-2
-5,0,-4,-67,0,0
-7,-1,-4,-60,1,-5
-7,-1,-3,-59,-2,-10
-6,-1,-2,-62,-4,-11
-5,0,-2,-65,-4,-8
-4,-1,-2,-66,-4,-4
-5,-1,-2,-62,-2,-5
-5,-1,-2,-59,-3,-9
-5,-1,-1,-60,-6,-11
-4,-1,-1,-64,-6,-8
-3,-1,-1,-67,-4,-4
-4,-1,-1,-64,-3,-6
-4,-1,-1,-61,-2,-11
-3,-1,-1,-61,-5,-12
-2,-1,0,-65,-4,-6
-2,-1,0,-67,-4,-2
-3,-1,-1,-67,-3,-2
-3,-1,-1,-65,-5,-3
-3,-1,-1,-63,-4,-4
-3,-1,-1,-62,-4,-3
-4,-1,0,-62,-4,-6
-3,0,0,-63,-4,-8
-2,0,0,-66,-3,-4
-3,0,0,-66,-3,0
-4,0,0,-65,-2,-3
-4,0,0,-64,-2,-7
-4,0,0,-63,-3,-8
-3,0,0,-63,-2,-6
-3,0,0,-64,-2,-5
-3,0,0,-65,-3,-4
-3,0,0,-67,-2,-3
-3,0,0,-68,1,-4
-4,0,-1,-64,0,-7
-4,0,-1,-63,-1,-7
-3,0,0,-64,-1,-6
-4,0,0,-63,0,-7
-4,0,0,-63,-2,-10
-3,0,0,-63,-1,-8
-3,-1,0,-64,-2,-6
-3,-1,0,-66,-2,-4
-3,-1,0,-66,0,-3
-4,-1,-1,-64,1,-6
-4,-1,-1,-62,0,-7
-4,-1,0,-62,-1,-5
-4,-1,0,-63,0,-5
-4,-1,0,-64,-1,-6
-3,-1,0,-65,1,-4
-4,-1,0,-64,1,-6
-4,-1,0,-62,2,-7
-3,-1,0,-64,1,-6
-3,-1,0,-67,3,-5
-3,-1,0,-67,4,-6
-3,-1,0,-65,4,-5
-3,-1,0,-66,3,-4
-3,-1,0,-65,3,-4
-3,-1,0,-63,5,-4
-3,-1,0,-65,5,-5
-3,0,0,-67,4,-5
-3,0,0,-64,4,-5
-3,-1,-1,-63,3,-4
-2,-1,0,-64,4,-3
-3,-1,0,-67,5,-3
-3,0,0,-66,3,-3
-3,0,-1,-63,3,-4
-3,-1,-1,-63,5,-5
-2,-1,0,-64,4,-4
-2,-1,0,-65,3,-5
-2,-1,-1,-64,3,-3
-2,-1,0,-64,4,-1
-2,-1,0,-63,5,-3
-2,-1,0,-64,3,-4
-2,-1,0,-65,5,-2
-2,-1,0,-65,5,-2
-2,-1,-1,-65,4,-1
-2,-1,-1,-65,5,0
-2,-1,-1,-65,6,-3
-2,-1,-1,-63,5,-5
-2,-1,0,-64,6,-4
-1,-1,0,-65,4,-1
-1,-1,0,-66,5,0
-1,-1,-1,-65,6,-1
-1,-1,0,-58,6,2
-2,0,0,-62,5,3
-3,-1,0,-66,5,-1
-3,-1,0,-68,5,-2
-2,-1,-1,-69,5,-1
-2,-1,-1,-68,4,0
-2,0,-1,-63,5,1
-2,0,-1,-61,4,0
-2,0,-1,-63,4,0
-2,0,0,-65,3,0
-2,-1,0,-64,4,-1
-2,-1,0,-63,4,1
-3,0,0,-65,6,1
-3,0,0,-65,7,1
-4,-1,0,-65,6,1
-3,0,-1,-61,5,3
-3,0,0,-63,5,2
-4,-1,0,-66,6,2
-4,-1,0,-63,5,0
-3,-1,0,-66,6,-1
-2,-2,1,-67,8,0
-2,-2,1,-66,7,2
-2,-2,1,-65,6,1
-1,-2,1,-64,5,2
-1,-1,1,-64,9,3
-1,-1,0,-66,8,3
0,0,-1,-66,8,3
0,-1,-1,-63,6,4
0,-1,-1,-63,9,3
0,-1,-1,-63,9,2
0,-1,-1,-63,7,3
0,0,0,-67,7,4
0,-1,0,-66,5,4
1,-2,-1,-64,7,5
1,-2,0,-64,7,6
1,-1,0,-64,8,7
0,-2,-1,-61,8,6
-1,0,-1,-62,7,6
0,0,0,-65,9,4
-1,0,0,-64,8,5
-1,0,0,-65,10,4
-1,-1,0,-65,11,3
-1,-1,-1,-63,8,5
-1,0,-1,-64,9,7
-1,-1,0,-62,9,6
-2,-1,0,-63,11,6
-2,-1,0,-65,8,7
-2,-1,0,-65,8,8
-2,-2,-1,-63,8,8
-2,-1,0,-61,7,9
-1,0,0,-62,7,8
-1,0,0,-63,9,8
-1,0,0,-64,9,7
-1,0,0,-63,7,7
-1,0,0,-63,9,7
-1,-1,0,-66,10,6
-1,-1,0,-62,9,7
-1,-1,0,-62,10,8
-2,-1,0,-65,10,8
-2,-1,0,-63,7,8
-1,-1,-1,-63,8,9
-1,0,-1,-64,11,7
-1,0,-1,-63,10,8
-1,0,-1,-63,8,9
-1,0,0,-63,8,9
-1,0,0,-65,10,7
-1,0,-1,-65,9,8
-1,0,-1,-64,8,7
-1,0,-1,-63,8,6
-1,0,-1,-62,7,7
-1,0,-1,-65,9,7
-1,-1,-1,-62,8,6
-1,0,-1,-63,7,6
-1,0,0,-63,8,5
0,0,0,-64,8,5
0,0,-1,-64,8,5
0,0,-1,-64,9,5
0,0,-1,-65,8,5
-1,0,-1,-66,8,4
-1,0,-1,-66,9,3
-1,0,-1,-65,10,3
-2,0,0,-64,10,2
-2,-1,0,-60,10,2
-2,-1,0,-65,9,2
-1,-2,0,-68,9,3
-2,-3,-1,-69,9,5
-3,-3,-1,-64,3,7
-2,-1,0,-56,4,8
-2,0,1,-62,8,9
-2,0,1,-62,7,8
-2,0,1,-63,8,8
-2,0,1,-64,11,8
-3,-1,1,-65,11,8
-3,-2,1,-63,11,7
-3,-2,1,-64,12,7
-3,-2,1,-62,12,8
-2,-1,1,-64,12,8
-2,0,0,-63,12,7
-2,1,0,-63,13,7
-2,1,0,-63,14,8
-2,1,1,-62,12,8
-2,0,1,-63,12,8
-3,0,0,-62,12,8
-3,-1,0,-61,12,8
-3,-1,0,-64,13,8
-2,-1,0,-62,14,9
-2,-1,0,-61,14,9
-3,-1,0,-61,12,10
-3,-1,1,-64,11,9
-3,-1,0,-62,14,11
-3,-1,0,-61,15,13
-3,0,0,-63,14,12
-3,0,0,-63,13,12
-4,0,0,-63,14,12
-4,-1,0,-62,12,14
-4,-1,0,-63,13,12
-4,0,-1,-61,12,11
-4,0,0,-60,13,14
-4,1,1,-59,17,15
-4,1,1,-61,12,15
-3,1,1,-61,14,12
-4,1,1,-60,14,12
-4,1,1,-62,15,11
-4,1,1,-61,13,12
-4,0,1,-59,14,12
-4,1,1,-61,15,11
-4,0,1,-64,15,11
-4,0,0,-63,16,11
-4,0,0,-62,16,11
-4,-1,0,-62,16,12
-4,0,0,-63,16,13
-4,0,0,-63,17,13
-4,0,0,-62,16,14
-4,0,0,-63,16,13
-4,0,0,-63,18,14
-3,0,0,-63,18,16
-2,0,0,-61,18,17
-2,0,0,-61,17,15
-2,-1,0,-62,19,16
-2,-1,0,-62,17,17
-2,-1,-1,-60,16,16
-2,0,0,-62,16,14
-2,0,0,-60,12,13
-3,-1,0,-59,12,13
-3,-1,0,-62,15,14
-3,0,0,-62,15,14
-3,0,0,-60,15,16
-3,0,-1,-59,15,15
-4,-1,-1,-58,14,17
-4,-1,0,-58,12,17
-4,0,0,-58,14,16
-4,0,0,-58,16,19
-4,0,0,-61,17,20
-4,-1,0,-58,12,17
-5,-1,0,-57,14,19
-5,-1,0,-60,15,21
-5,-1,0,-61,16,21
-5,-1,0,-59,14,20
-5,-1,0,-60,12,19
-5,-1,0,-62,14,19
-5,0,0,-60,13,19
-5,0,0,-60,12,19
-5,1,0,-61,11,18
-4,1,0,-60,12,19
-4,1,0,-59,11,22
-4,0,0,-59,12,20
-5,0,0,-60,11,19
-4,0,0,-61,11,18
-4,1,0,-62,10,18
-4,1,0,-61,10,19
-3,1,0,-61,10,20
-4,1,0,-61,9,19
-3,1,0,-63,10,16
-3,1,0,-66,9,14
-2,1,-1,-62,9,15
-2,0,-1,-61,9,19
-2,0,0,-62,10,19
-2,0,0,-61,10,19
-2,0,0,-62,10,19
-2,0,0,-61,10,20
-2,0,0,-58,8,22
-2,0,1,-60,10,22
-2,1,0,-62,11,19
-3,0,0,-63,11,18
-3,0,0,-63,11,18
-2,0,0,-60,9,19
-3,0,0,-61,9,19
-3,-1,0,-60,9,18
-3,0,0,-62,10,16
-3,-1,0,-62,10,17
-2,0,0,-62,10,18
-2,0,0,-63,12,19
-3,0,0,-63,11,18
-3,0,0,-63,10,18
-3,0,0,-60,8,21
-3,0,0,-61,10,21
-4,-1,0,-62,10,18
-4,-1,0,-63,9,16
-3,0,0,-63,9,15
-2,0,0,-63,10,16
-2,0,0,-63,10,18
-2,0,-1,-60,8,20
-2,0,0,-60,8,20
-2,0,0,-61,9,19
-2,-1,-1,-61,10,18
-2,0,-1,-61,10,18
-1,0,-1,-60,8,17
-2,0,-1,-60,7,17
-2,0,-1,-61,7,17
-1,0,-1,-61,7,17
-1,1,-1,-62,7,20
-1,0,-1,-63,7,20
-2,0,-1,-62,7,20
-2,0,0,-62,7,19
-2,0,0,-62,6,19
-2,0,0,-63,7,18
-2,0,0,-63,7,18
-2,0,0,-62,6,20
-2,0,0,-62,6,18
-2,0,0,-62,6,16
-2,0,0,-62,6,16
-2,0,0,-63,7,17
-2,0,0,-63,6,17
-1,0,-1,-62,7,18
-1,0,-1,-62,6,18
-2,0,-1,-63,6,17
-2,0,-1,-63,6,16
-2,0,-1,-62,5,15
-1,0,-1,-62,4,15
-1,0,-1,-62,5,16
-1,0,-1,-63,5,17
-2,0,-1,-64,6,17
-2,0,-1,-63,4,17
-2,0,-1,-61,4,17
-1,0,0,-62,5,18
-1,-1,0,-63,5,18
-1,-1,0,-63,5,17
-1,-1,0,-64,5,17
-1,-1,0,-63,4,17
-1,-1,0,-64,4,17
-1,-1,0,-63,4,18
-1,-1,0,-63,4,19
0,0,0,-63,6,18
-1,0,0,-63,6,17
-2,0,0,-61,4,15
-1,1,0,-61,5,17
-1,1,0,-61,7,21
-2,2,0,-65,8,23
-3,3,-1,-63,6,16
-3,2,0,-64,6,13
-3,0,0,-64,7,18
-4,-1,0,-66,7,20
-5,-1,-1,-62,5,12
-4,-1,0,-61,4,8
-3,-2,0,-64,4,9
-2,-2,0,-63,5,12
-2,-2,0,-63,5,15
-2,-1,0,-62,5,18
-3,0,0,-66,5,17
-3,0,-1,-67,4,13
-3,0,-1,-65,4,14
-3,0,-1,-65,4,15
-3,0,-1,-64,4,15
-2,0,-1,-62,4,18
-3,0,-1,-63,4,19
-3,-1,-1,-63,3,15
-3,0,-1,-64,2,13
-3,0,-1,-63,2,14
-3,0,-1,-62,2,16
-3,0,-1,-63,1,18
-3,0,-1,-65,1,17
-4,1,-1,-61,0,9
-3,1,-1,-56,-3,4
-2,1,0,-61,-2,9
-2,1,0,-67,0,13
-2,1,0,-65,0,11
-2,0,-1,-62,-1,10
-2,0,0,-62,-1,8
-1,0,0,-64,0,12
-1,1,0,-66,1,15
-2,0,0,-65,0,13
-2,-1,0,-64,0,12
-2,-1,0,-65,0,11
-2,0,0,-68,0,10
-2,0,0,-66,0,10
-1,0,-1,-62,0,10
-1,-1,0,-62,0,11
-1,0,0,-65,1,12
-2,-1,0,-63,0,10
-2,-1,0,-61,0,9
-1,-1,0,-61,1,11
-2,-1,0,-63,1,11
-2,-1,0,-65,1,10
-1,-1,0,-63,1,11
-1,-1,0,-61,2,15
-1,-1,1,-64,2,14
-2,-1,1,-66,1,12
-1,-1,0,-64,2,14
-1,-1,0,-63,2,15
-2,-1,0,-64,3,14
-2,-1,0,-62,3,11
-1,-1,0,-62,2,10
-1,-1,0,-65,4,15
-1,-1,0,-64,4,15
-1,-1,0,-63,3,12
-1,0,0,-64,3,13
0,0,0,-63,4,17
-1,0,0,-62,3,16
-1,-1,0,-64,3,15
-1,0,0,-66,4,16
-1,0,-1,-67,4,17
-1,-1,-1,-62,3,16
-1,0,-1,-63,3,14
-1,0,0,-65,2,13
-1,0,0,-63,3,14
-1,0,0,-64,3,14
-1,0,-1,-64,3,14
-1,0,-1,-64,3,15
-1,0,-1,-62,3,15
-1,0,-1,-62,2,15
-2,0,-1,-64,2,14
-2,0,-1,-63,3,15
-2,0,-1,-63,2,15
-2,0,0,-65,2,12
-2,0,0,-62,2,15
-2,-1,0,-64,2,16
-2,0,0,-65,2,13
-2,0,-1,-64,2,14
-2,0,-1,-64,2,16
-2,0,-1,-65,1,15
-2,-1,-1,-64,1,13
-2,-1,-1,-63,1,14
-2,0,-1,-63,1,14
-2,0,-1,-63,1,14
-2,-1,-1,-63,1,15
-3,-1,-1,-64,1,16
-3,-1,-1,-62,0,16
-3,-1,-1,-62,-1,15
-3,-2,-1,-65,-1,14
-3,-1,-1,-61,-2,14
-3,0,0,-62,-1,16
-3,0,0,-63,-1,16
-3,-1,0,-62,-1,15
-3,0,0,-63,0,17
-3,0,0,-64,-1,15
-3,0,0,-65,-1,14
-3,0,0,-66,0,15
-3,0,-1,-65,-1,15
-3,0,-1,-66,-2,14
-3,0,-1,-64,-1,16
-3,0,-1,-64,-1,15
-3,0,0,-62,-1,14
-4,0,0,-62,-2,12
-3,0,0,-65,-3,13
-3,1,0,-63,-3,10
-2,1,0,-63,-2,11
-2,0,0,-64,-2,13
-2,0,0,-63,-2,12
-2,0,1,-65,-1,12
-2,0,0,-65,-1,10
-2,0,0,-65,0,11
-2,1,0,-66,0,12
-2,1,0,-64,-1,12
-2,0,0,-64,-2,9
-2,0,0,-62,-2,10
-2,0,0,-63,0,10
-2,0,0,-65,1,11
-2,1,0,-65,0,9
-2,1,0,-66,-2,6
-1,0,0,-63,-1,8
-1,1,0,-63,0,8
-1,1,0,-66,-1,8
0,0,-1,-63,1,9
-1,0,-1,-64,1,9
-1,1,0,-64,-1,7
-1,0,0,-64,1,8
-1,0,0,-67,0,7
-1,0,0,-64,0,6
-1,-1,0,-63,0,6
-1,-1,1,-64,1,7
-1,-1,1,-64,1,7
0,-1,1,-64,1,7
0,-2,1,-65,2,7
0,-2,1,-64,2,7
0,-1,1,-64,3,8
0,-1,0,-68,3,8
0,-2,0,-64,3,8
1,-2,-1,-62,5,11
0,-1,-1,-64,5,11
0,-1,-1,-65,3,11
0,-1,-1,-66,3,10
0,-1,-1,-64,3,10
1,0,-2,-69,2,10
1,-1,-2,-65,2,9
1,0,-3,-64,2,9
1,0,-3,-66,2,12
1,0,-3,-67,0,10
1,0,-3,-68,-2,8
1,0,-3,-68,-1,11
1,-1,-3,-62,0,12
1,-1,-3,-61,-2,13
0,-1,-2,-63,-4,11
0,-1,-2,-64,-5,10
0,-1,-2,-67,-5,11
0,-1,-3,-63,-4,13
0,-1,-2,-58,-6,10
0,-1,-1,-59,-6,12
0,-1,-1,-64,-6,13
-1,-1,-1,-65,-7,11
0,-2,-1,-66,-7,12
0,-2,-1,-61,-7,10
1,-1,-1,-65,-8,10
1,-1,-1,-63,-6,13
1,-1,-1,-64,-6,15
1,-1,-1,-65,-7,14
1,-1,-1,-61,-7,15
1,-1,-1,-60,-6,16
0,-1,0,-64,-7,17
0,-1,-1,-65,-8,15
0,-1,-1,-62,-7,17
0,-1,-1,-59,-6,17
0,-1,0,-61,-6,19
-1,0,0,-64,-8,16
-1,0,-1,-63,-7,17
-1,0,-1,-63,-5,18
-1,1,-1,-62,-7,16
-1,1,-1,-63,-7,14
-1,1,-1,-64,-6,16
-2,2,-1,-62,-7,14
-2,2,-1,-65,-9,12
-2,2,-1,-65,-8,12
-2,2,-1,-66,-8,11
-2,2,-1,-66,-8,10
-2,2,-1,-65,-9,9
-1,2,-1,-63,-9,8
-1,2,-1,-65,-8,9
-1,2,-1,-63,-8,7
-1,1,-1,-64,-8,7
-2,1,-1,-64,-8,6
-2,1,-1,-64,-8,4
-1,1,-1,-65,-9,4
-1,1,-1,-63,-8,4
-1,1,-1,-63,-8,4
-1,2,0,-64,-9,3
-2,2,0,-66,-9,2
-2,1,0,-65,-8,1
-2,1,0,-63,-8,1
-2,1,0,-64,-8,0
-2,1,0,-66,-9,-3
-1,1,0,-66,-9,-2
-1,1,0,-66,-8,-2
-1,1,0,-66,-7,-2
-1,0,-1,-65,-8,-3
-1,0,0,-65,-8,-3
-1,-1,0,-65,-7,-1
-2,-1,0,-60,-7,-2
-2,-1,1,-63,-7,-4
-1,-1,1,-65,-6,-2
-1,-1,1,-65,-6,-3
-1,-1,0,-66,-5,-1
-1,-2,0,-63,-4,-1
-1,-2,0,-65,-5,-1
-1,-2,0,-64,-4,1
-1,-2,1,-64,-4,2
-2,-2,1,-62,-3,3
-2,-1,1,-65,-2,3
-3,0,1,-66,-3,1
-2,0,1,-67,-3,0
-2,0,1,-67,-2,1
-2,0,1,-66,-2,0
-2,0,1,-67,-3,0
-1,0,0,-66,-2,0
-1,-1,0,-66,0,1
-1,-1,0,-67,1,1
-1,-1,0,-65,0,0
-1,-1,0,-66,0,2
-1,-1,0,-64,1,3
-2,0,0,-66,-1,0
-2,0,-1,-66,-2,-1
-1,0,-1,-69,0,1
-1,0,-2,-63,1,2
-1,0,-2,-64,-1,1
-1,0,-2,-63,-2,0
-1,0,-2,-64,-2,0
-1,0,-2,-64,-2,0
-1,0,-1,-63,-2,0
-1,0,-1,-64,-4,-2
-1,-1,-1,-64,-5,-2
0,-1,-1,-64,-2,1
-1,-1,-1,-62,-2,1
-1,-1,-1,-65,-3,0
-1,-1,-1,-66,-4,1
-1,-1,-1,-65,-4,2
-2,-2,-1,-60,-3,2
-2,-1,0,-62,-5,-2
-1,-1,0,-68,-4,2
-1,-1,-1,-68,-3,4
-1,-1,-1,-67,-4,3
-2,-1,-1,-59,-3,4
-2,0,-1,-61,-5,1
-2,0,-1,-68,-5,1
-2,0,-1,-66,-5,0
-2,0,-1,-65,-5,1
-2,0,-1,-65,-5,0
-2,0,-1,-63,-5,-1
-1,1,-1,-65,-5,-1
-1,1,-1,-67,-6,-1
-1,1,-1,-66,-6,-1
-1,1,-1,-63,-5,-1
-1,1,-1,-65,-5,-1
-1,1,-1,-65,-5,-3
-1,1,-1,-66,-6,-4
-1,1,-1,-66,-6,-4
-1,0,-1,-64,-5,-3
-1,0,-1,-65,-5,-3
-1,0,-1,-63,-6,-4
-1,0,0,-63,-6,-4
-1,0,0,-65,-5,-4
-1,0,0,-64,-5,-4
-1,0,0,-65,-6,-5
-1,0,0,-64,-5,-4
-1,0,0,-66,-5,-4
-1,0,-1,-64,-5,-5
-1,0,0,-63,-5,-6
-1,0,0,-65,-5,-6
-1,0,0,-65,-5,-6
-1,0,0,-65,-5,-6
-1,0,0,-64,-5,-6
-1,0,0,-64,-4,-5
-1,0,0,-64,-5,-6
-1,0,0,-65,-5,-6
-1,0,0,-65,-5,-7
-1,0,0,-64,-5,-7
-1,0,0,-64,-4,-7
-1,0,0,-65,-4,-8
-1,0,0,-65,-4,-7
-1,0,0,-64,-4,-6
-1,0,0,-63,-4,-7
-1,0,0,-65,-5,-8
-1,0,0,-63,-3,-7
-1,0,0,-64,-3,-7
-1,0,0,-64,-4,-8
-1,0,0,-65,-4,-9
-1,0,0,-64,-3,-8
-1,0,0,-63,-4,-8
-1,0,0,-65,-3,-8
-1,0,0,-64,-3,-9
-1,0,0,-64,-4,-9
-1,0,0,-64,-3,-9
-1,0,-1,-65,-4,-10
-1,0,-1,-65,-3,-9
-1,0,-1,-65,-3,-9
-1,0,0,-65,-3,-9
-1,-1,0,-60,-3,-10
-1,0,0,-65,-3,-9
-1,0,0,-67,-3,-10
-1,0,-1,-67,-4,-11
0,-1,-1,-64,-3,-10
0,-1,-1,-62,-3,-10
0,-1,0,-66,-3,-10
0,-1,0,-65,-3,-10
0,-2,-1,-70,-4,-9
0,-2,-1,-67,-4,-7
0,-3,-1,-56,-3,-7
0,-2,0,-56,-3,-8
0,-2,1,-69,-3,-6
0,-2,0,-72,-4,-6
0,-3,-1,-67,-4,-4
-1,-3,-1,-54,-2,-3
-1,-2,0,-58,-5,-7
0,-1,1,-68,-3,-3
0,-1,0,-70,-3,-3
0,-2,-1,-69,-4,-4
0,-2,-1,-60,-3,-3
0,-1,0,-63,-3,-3
0,-1,0,-65,-2,-1
0,-1,0,-67,-3,-1
0,-1,-1,-66,-4,-2
0,-1,-1,-65,-3,-2
0,-1,0,-63,-2,0
0,-1,0,-65,-3,-1
0,-1,0,-65,-3,-1
0,-1,0,-64,-3,0
0,-1,0,-65,-2,0
0,-1,0,-65,-2,0
0,-1,0,-64,-2,0
0,-1,0,-66,-2,1
0,-1,0,-66,-2,1
0,-1,0,-65,-2,1
0,-1,0,-64,-2,1
0,-1,0,-64,-1,2
0,-1,0,-64,-1,2
0,-1,0,-66,-1,1
0,-1,0,-66,0,3
0,-1,0,-65,0,3
0,-1,0,-67,0,3
0,-1,0,-65,0,3
0,-1,-1,-65,0,4
0,-1,-1,-64,0,4
0,-1,0,-64,0,5
0,-1,0,-66,0,5
0,-1,-1,-66,0,5
0,-1,-1,-63,0,5
0,-1,-1,-64,0,6
0,-2,0,-63,0,5
0,-2,0,-64,0,6
0,-2,0,-65,1,7
0,-1,0,-69,0,7
0,-2,-1,-66,0,7
0,-2,-1,-60,1,9
0,-1,0,-64,0,9
0,-1,0,-66,-1,8
0,-2,-1,-66,0,9
0,-2,-1,-63,1,10
0,-1,-1,-65,1,10
0,-1,-1,-64,0,10
0,-1,-1,-63,0,10
0,-1,0,-62,1,11
0,-1,0,-62,1,11
0,-1,0,-68,0,11
0,-1,-1,-66,0,11
0,-1,-1,-63,1,12
0,-1,-1,-62,1,12
0,-1,-1,-64,0,12
0,-1,-1,-64,0,11
0,-1,-1,-64,1,13
0,-1,0,-64,1,13
0,-1,0,-63,0,12
0,-1,0,-66,0,12
0,-1,-1,-62,1,13
0,0,0,-64,1,14
0,0,-1,-64,1,13
-1,0,-1,-63,0,12
0,0,-1,-64,1,13
-1,0,-1,-63,0,13
-1,0,-1,-63,0,12
-1,1,-1,-63,0,12
-1,1,0,-63,0,11
-1,1,-1,-65,0,11
-1,1,-1,-66,0,11
-1,1,-1,-65,0,10
-1,1,-1,-66,0,9
-1,1,-1,-66,-1,9
-1,1,-1,-64,-1,9
-1,1,-1,-63,-1,8
-1,1,-1,-64,0,8
-1,1,-1,-65,-1,7
-2,1,-1,-65,-2,6
-2,1,-1,-67,-3,6
-1,0,-1,-64,-3,5
-1,0,-1,-61,-2,6
-2,0,-1,-62,-2,5
-2,1,-1,-65,-2,5
-2,1,-1,-64,-3,5
-2,1,-1,-66,-3,3
-2,1,-1,-65,-4,1
-1,1,-1,-65,-4,2
-1,1,-1,-66,-4,1
-1,1,-1,-64,-5,-1
-1,1,-1,-64,-3,1
-1,1,-1,-67,-2,3
-2,2,-2,-65,-4,-1
-2,1,-1,-66,-4,-1
-2,1,-1,-65,-6,-2
-2,1,-1,-64,-8,-5
-1,1,-1,-65,-6,-4
-1,1,-1,-65,-5,-3
-2,1,-1,-66,-6,-4
-2,0,-1,-63,-7,-6
-1,0,0,-65,-7,-6
-1,0,0,-66,-6,-5
-1,0,0,-64,-4,-4
-1,0,0,-65,-5,-5
-1,0,0,-64,-6,-6
-1,0,0,-63,-5,-5
-1,0,0,-63,-4,-5
-1,0,1,-64,-4,-5
-1,0,0,-64,-4,-5
-2,0,1,-65,-4,-7
-2,0,1,-65,-3,-6
-1,0,0,-64,-3,-6
-1,0,0,-64,-4,-7
-1,0,0,-64,-3,-7
-1,0,0,-64,-3,-7
-1,-1,0,-65,-2,-7
-1,-1,0,-66,-2,-6
-1,0,0,-63,-1,-6
-1,0,0,-65,-1,-7
-1,0,0,-66,-1,-7
-1,-1,0,-66,0,-6
-1,-1,0,-63,0,-6
-1,0,0,-65,0,-7
-1,-1,0,-62,1,-6
-1,0,1,-64,0,-7
-1,0,0,-64,0,-7
-1,-1,1,-63,0,-8
-1,-1,1,-64,1,-7
-1,-1,1,-63,1,-7
-1,-2,1,-62,2,-6
-1,-1,1,-64,3,-6
-1,-1,1,-64,4,-6
0,-2,1,-64,5,-5
0,-2,1,-66,6,-3
0,-2,1,-64,7,-3
0,-1,0,-65,6,-3
0,-1,0,-66,7,-2
0,-1,0,-66,8,0
0,-1,-1,-67,8,0
0,-1,-1,-66,7,-1
0,0,-1,-66,7,-2
0,0,-2,-66,6,-2
0,0,-2,-67,5,-2
0,-1,-2,-67,4,-2
0,-1,-2,-64,4,-1
0,-1,-2,-63,4,-1
-1,-1,-2,-63,2,-2
0,-1,-2,-64,3,-1
-1,-1,-2,-64,3,0
-1,-1,-2,-64,2,-1
-1,-1,-2,-63,1,-2
-1,-1,-1,-65,1,-1
-1,-1,-2,-65,1,-1
-1,0,-2,-61,0,-2
-1,0,-2,-65,-2,-3
0,-1,-2,-66,-1,-1
0,-1,-2,-65,0,0
-1,-1,-1,-69,-1,1
-1,-1,-2,-66,-1,1
-1,-1,-3,-61,0,1
-1,-1,-2,-59,-4,-1
-1,0,-2,-62,-6,-3
-1,0,-2,-66,-6,0
-1,0,-3,-68,-5,1
-1,-1,-2,-65,-4,1
-1,-1,-2,-61,-5,0
-2,-1,-2,-64,-8,-2
-1,0,-2,-68,-8,-1
-1,0,-2,-68,-9,-1
-1,-1,-2,-63,-8,-1
-1,0,-2,-63,-9,-2
-1,-1,-1,-66,-10,-1
-1,-1,-1,-65,-9,-1
-1,-1,-1,-65,-8,1
-2,-1,-1,-66,-9,0
-2,-1,-1,-63,-10,-1
-2,0,-1,-64,-10,-1
-2,-1,-1,-67,-9,1
-3,-1,-1,-62,-9,1
-3,0,-2,-61,-11,-2
-3,0,-2,-62,-11,-2
-3,0,-1,-62,-11,-1
-3,0,-1,-63,-12,-2
-3,0,-1,-63,-13,-4
-3,0,-1,-62,-14,-4
-3,0,-1,-64,-13,-3
-2,0,-1,-65,-12,-3
-2,0,0,-65,-11,-2
-3,0,0,-65,-11,-2
-3,0,0,-64,-11,-3
-3,0,0,-64,-11,-3
-3,0,0,-65,-12,-5
-2,0,-1,-65,-11,-6
-2,0,0,-65,-9,-4
-2,0,0,-66,-9,-4
-3,0,-1,-65,-10,-6
-3,0,-1,-65,-11,-8
-2,0,-1,-65,-10,-6
-2,-1,-1,-64,-10,-5
-3,0,-1,-60,-11,-8
-2,0,-1,-64,-12,-8
-2,0,-1,-65,-10,-5
-3,0,-1,-63,-10,-6
-4,0,-1,-62,-12,-8
-4,0,-1,-63,-12,-8
-4,0,-1,-63,-12,-9
-3,0,-1,-63,-12,-10
-2,0,-1,-63,-13,-10
-2,0,-1,-64,-14,-12
-2,0,-1,-64,-12,-10
-1,-1,-1,-62,-12,-8
-2,0,-1,-64,-12,-8
-2,-1,-1,-64,-12,-8
-2,-1,-1,-63,-12,-8
-2,0,-1,-64,-12,-8
-2,-1,-1,-63,-11,-7
-2,-1,-1,-64,-12,-8
-2,0,-1,-63,-11,-8
-2,0,0,-64,-11,-7
-2,0,-1,-64,-12,-9
-2,0,-1,-64,-12,-10
-2,0,0,-64,-12,-9
-2,0,-1,-64,-12,-9
-2,0,-1,-64,-13,-11
-1,0,-1,-65,-13,-11
-1,0,-1,-64,-11,-9
-1,0,-1,-63,-12,-10
-2,0,-1,-64,-12,-10
-1,-1,-1,-62,-12,-10
-1,-1,-1,-63,-11,-9
-1,-1,-1,-63,-12,-9
-1,0,-1,-63,-11,-8
-2,0,-1,-64,-11,-9
-2,0,-1,-62,-11,-9
-2,0,-1,-62,-13,-11
-2,0,0,-64,-13,-12
-2,0,0,-65,-12,-11
-2,0,-1,-63,-11,-10
-2,0,-1,-63,-13,-13
-1,0,-1,-63,-12,-11
-1,0,-1,-64,-12,-10
-2,0,-1,-63,-11,-10
-2,0,-1,-63,-13,-11
-2,0,-1,-63,-12,-11
-2,0,-1,-63,-12,-11
-2,0,-1,-63,-12,-11
-2,0,-1,-63,-13,-12
-2,0,-1,-63,-11,-11
-2,-1,-1,-61,-10,-10
-2,0,-1,-61,-12,-12
-2,0,0,-63,-12,-12
-2,0,0,-64,-10,-10
-2,0,-1,-64,-10,-11
-3,0,-1,-62,-11,-13
-2,0,-1,-61,-11,-13
-3,0,-1,-64,-11,-14
-2,0,-1,-63,-10,-13
-2,0,-1,-63,-10,-13
-2,0,-1,-63,-11,-14
-2,0,-1,-63,-10,-13
-2,0,-1,-63,-10,-14
-2,0,-1,-62,-10,-15
-2,0,-1,-63,-10,-15
-2,0,-1,-62,-10,-15
-2,0,-1,-62,-10,-14
-2,0,-1,-63,-10,-15
-2,0,-1,-62,-10,-16
-2,0,-1,-62,-10,-16
-2,0,-1,-62,-11,-17
-2,0,-1,-62,-10,-16
-2,0,-1,-62,-10,-16
-2,0,-1,-62,-10,-16
-2,0,-1,-62,-10,-16
-2,0,-1,-62,-10,-17
-2,0,0,-62,-10,-17
-1,0,0,-62,-9,-16
-1,0,-1,-63,-9,-16
-1,0,-1,-62,-9,-16
-2,0,-1,-62,-10,-17
-1,0,0,-62,-9,-16
-1,-1,0,-63,-8,-15
-1,-1,0,-63,-8,-15
-1,-1,0,-62,-8,-15
-2,-1,-1,-62,-8,-15
-2,0,-1,-62,-9,-16
-2,0,0,-63,-8,-16
-2,0,0,-63,-8,-16
-2,0,-1,-63,-8,-16
-2,-1,0,-62,-8,-17
-1,-1,0,-62,-8,-16
-1,0,-1,-62,-8,-17
-1,-1,0,-63,-8,-17
-1,0,-1,-62,-8,-17
-1,0,-1,-62,-8,-17
-1,0,-1,-63,-7,-15
-1,-1,-1,-62,-7,-15
-1,-1,-1,-62,-7,-16
-1,-1,-1,-62,-7,-16
-2,-1,-1,-61,-8,-16
-2,-1,0,-61,-8,-17
-1,-1,0,-61,-8,-17
-1,0,0,-62,-7,-17
-1,-1,0,-63,-7,-15
-1,-1,0,-62,-6,-15
-2,-1,0,-62,-7,-16
-1,-1,0,-62,-7,-17
-1,-1,0,-62,-6,-16
-1,-1,0,-63,-6,-15
-2,-1,0,-63,-6,-15
-2,-1,0,-62,-6,-16
-1,-1,0,-63,-6,-17
-1,-1,0,-63,-6,-16
-1,-1,0,-62,-5,-15
-2,-1,0,-62,-6,-16
-2,-1,0,-62,-6,-17
-1,-1,0,-63,-6,-17
-1,-1,0,-63,-5,-15
-1,-1,0,-63,-5,-16
-1,-1,0,-63,-5,-16
-1,-1,0,-63,-5,-17
-1,-1,0,-62,-5,-16
-1,0,-1,-64,-5,-17
-1,-1,0,-63,-4,-16
-1,-1,0,-62,-3,-15
-1,-1,0,-61,-4,-16
-1,0,0,-63,-5,-17
-1,0,0,-63,-5,-17
-1,-1,0,-62,-4,-16
-1,-1,0,-62,-4,-16
-1,-1,0,-62,-3,-16
-1,-1,0,-63,-3,-16
-1,-1,0,-63,-4,-16
-1,-1,0,-62,-4,-15
-1,-1,0,-61,-4,-16
-1,-1,0,-64,-4,-16
-1,-1,0,-63,-3,-16
-1,-1,0,-63,-3,-16
-1,-1,0,-64,-4,-16
-1,-1,0,-63,-3,-15
-1,-1,0,-63,-3,-14
-1,-1,0,-64,-3,-14
-1,-1,0,-63,-3,-14
-1,-1,-1,-63,-3,-14
-1,-1,0,-63,-3,-14
-1,-1,0,-63,-3,-14
-1,-1,0,-63,-3,-14
-1,-1,0,-63,-3,-14
-1,-1,0,-64,-3,-13
-1,-1,0,-64,-2,-13
-1,-1,0,-64,-3,-13
-1,-1,0,-63,-2,-12
-1,-1,-1,-63,-2,-12
-1,-1,-1,-65,-2,-12
-1,-1,-1,-64,-3,-12
-1,-1,-1,-62,-3,-13
-1,-1,-1,-63,-4,-13
0,-1,0,-62,-3,-13
-1,0,0,-64,-2,-12
-1,0,-1,-65,-2,-11
0,-1,-1,-65,-3,-12
0,-1,-1,-63,-4,-13
0,-1,-1,-63,-4,-13
0,0,-1,-65,-4,-12
-1,0,0,-62,-3,-11
-1,0,0,-62,-3,-13
-1,0,0,-63,-3,-15
-1,0,0,-62,-3,-14
-1,0,-1,-62,-4,-11
-1,0,-1,-67,-3,-8
0,-1,-1,-65,-2,-13
0,-1,-1,-65,-1,-18
-1,-1,0,-64,-3,-12
-1,-1,0,-63,-2,-10
-1,-1,0,-62,0,-12
-1,-1,0,-62,-1,-11
-1,-1,0,-63,-1,-12
-1,0,0,-64,0,-12
-1,-1,0,-63,-1,-11
-1,-1,0,-65,-2,-13
-1,-1,0,-63,-2,-13
-1,0,0,-62,0,-11
-1,0,0,-63,1,-11
-1,0,-1,-64,0,-11
-1,0,-1,-64,0,-11
-1,-1,0,-64,0,-11
-1,-1,0,-64,0,-11
-1,-1,0,-64,0,-12
-1,-1,0,-62,0,-11
-1,-1,0,-63,-1,-12
-1,0,-1,-63,-1,-12
-1,0,-1,-65,0,-12
-1,0,-1,-65,-1,-12
-1,0,0,-64,-1,-12
-1,0,0,-64,-1,-12
-1,0,0,-63,-1,-12
-1,0,0,-62,0,-12
-1,0,0,-62,0,-11
-1,0,-1,-63,1,-12
-1,0,0,-63,1,-11
-1,0,0,-62,1,-11
-1,0,0,-63,0,-12
-1,-1,-1,-63,0,-11
-1,-1,-1,-63,1,-11
-1,-1,-1,-64,0,-12
-1,-1,-1,-64,0,-12
-1,-1,-1,-64,1,-11
-1,-1,-1,-64,1,-11
-1,-1,-1,-64,1,-11
-1,0,-1,-66,0,-12
-1,0,0,-65,-1,-12
-1,-1,0,-64,0,-11
-1,-1,0,-62,0,-11
-1,0,0,-63,1,-11
-1,0,0,-64,0,-11
-1,0,0,-63,0,-12
-1,0,-1,-64,1,-11
-1,0,0,-65,1,-10
-1,-1,0,-65,0,-11
-1,-1,0,-63,0,-12
-1,-1,0,-62,2,-11
-1,-1,0,-63,2,-11
-1,0,0,-63,1,-11
-1,-1,0,-64,1,-11
-1,-1,0,-63,1,-11
-1,-1,0,-63,3,-10
-1,-1,-1,-64,2,-9
-1,-1,-1,-63,2,-10
-1,-1,-1,-65,1,-10
-1,-1,-1,-64,1,-11
-1,0,0,-64,1,-10
-1,0,-1,-64,1,-10
-1,0,-1,-61,1,-11
-1,0,-1,-63,0,-11
-1,0,-2,-64,0,-12
-1,0,-2,-61,1,-11
-1,0,-2,-62,0,-8
-1,0,-2,-71,0,-13
-1,-1,-1,-68,0,-15
-2,-1,0,-62,0,-12
-2,-1,0,-62,0,-10
-2,-1,-1,-63,1,-10
-1,-1,-1,-65,1,-11
-1,-1,0,-65,1,-12
-2,-1,0,-63,0,-12
-2,-1,-1,-63,1,-12
-3,0,-1,-64,0,-11
-3,-1,-1,-64,0,-11
-3,0,0,-63,1,-11
-3,0,-1,-63,1,-11
-3,0,-1,-64,1,-10
-3,0,-1,-63,0,-10
-3,0,-1,-64,1,-11
-3,0,-1,-65,1,-11
-3,0,-1,-63,0,-10
-2,0,-1,-64,0,-11
-2,-1,-1,-65,0,-11
-2,-1,-1,-64,0,-10
-2,-1,0,-63,0,-10
-2,0,0,-63,1,-10
-1,0,-1,-62,1,-11
-1,0,-1,-63,1,-12
-1,0,-1,-64,0,-11
-1,0,-1,-65,1,-11
-1,0,-1,-63,1,-12
-2,0,-1,-61,1,-14
-2,0,-1,-63,0,-12
-2,-1,-1,-64,1,-12
-2,-1,-1,-63,1,-12
-2,-1,-1,-63,1,-13
-3,-1,-1,-63,0,-11
-3,-1,-1,-64,1,-11
-2,0,-1,-63,0,-11
-2,-1,-1,-62,0,-11
-2,-1,-1,-63,-1,-10
-2,-1,-1,-64,-1,-10
-1,-1,-1,-64,0,-10
-1,-1,-1,-63,-1,-10
-1,-1,0,-63,1,-11
-1,0,0,-64,1,-11
-1,0,0,-63,2,-12
-2,0,0,-63,1,-11
-2,0,-1,-64,0,-11
-2,0,-1,-64,1,-10
-1,0,-1,-65,1,-10
-1,0,-1,-65,1,-10
-1,0,-1,-64,0,-11
-1,0,-1,-64,2,-11
-1,0,-1,-64,-1,-11
-1,-1,-1,-63,1,-12
-1,-1,0,-63,2,-12
-1,0,-1,-63,1,-12
-1,0,-1,-62,1,-12
-2,0,-1,-63,1,-11
-2,-1,-1,-64,1,-11
-1,0,-1,-63,0,-11
-1,-1,-1,-64,1,-11
-1,-1,-1,-64,0,-11
-1,-1,-1,-64,1,-11
-1,-1,-1,-63,0,-10
-1,-1,-1,-63,0,-10
-1,-1,-1,-63,-1,-10
-1,-1,0,-64,2,-12
-2,-1,0,-65,1,-11
-2,-1,0,-64,1,-11
-2,-1,-1,-64,0,-10
-1,-1,-1,-63,0,-9
-1,-1,-1,-63,0,-9
-1,-1,0,-65,2,-10
-1,-1,0,-65,2,-9
-1,-1,0,-63,1,-9
-1,0,0,-63,1,-9
-1,0,0,-64,2,-9
-1,0,0,-64,2,-9
-1,0,0,-65,2,-9
-1,0,0,-64,1,-9
-1,-1,0,-64,2,-9
-1,-1,0,-65,2,-8
-1,-1,0,-63,2,-8
-1,-1,0,-63,1,-8
-1,-1,0,-63,2,-8
-2,-1,0,-65,3,-8
-2,-1,0,-65,3,-8
-2,-1,0,-64,4,-8
-1,-1,0,-64,3,-7
-1,-1,0,-65,3,-6
-2,-2,0,-64,5,-7
-2,-1,0,-65,6,-8
-2,0,0,-66,5,-6
-2,0,0,-65,4,-5
-2,0,0,-64,6,-7
-2,0,0,-65,5,-6
-2,0,0,-65,5,-6
-2,0,-1,-65,7,-7
-2,0,-1,-63,5,-6
-2,0,-1,-62,5,-7
-2,0,-1,-62,5,-6
-1,0,-1,-63,6,-7
-1,0,0,-63,7,-7
-1,0,0,-63,5,-6
-1,-1,0,-63,6,-6
-1,-1,-1,-63,6,-6
-1,0,-1,-64,6,-5
-1,0,-1,-64,6,-6
-1,0,0,-63,5,-6
-1,0,0,-64,6,-6
-2,0,0,-64,6,-7
-2,0,0,-66,6,-6
-1,0,0,-65,6,-6
-1,0,0,-64,6,-7
-1,0,0,-64,6,-7
-1,0,0,-65,6,-6
-1,0,0,-64,6,-6
-1,0,0,-63,6,-7
-1,0,0,-63,6,-6
-2,0,0,-63,7,-6
-2,0,0,-64,8,-7
-2,0,0,-64,7,-6
-2,0,0,-64,7,-6
-2,0,0,-63,6,-6
-2,0,0,-63,7,-7
-2,0,0,-63,7,-7
-2,0,0,-62,8,-6
-2,0,0,-63,8,-7
-2,0,0,-64,9,-7
-2,0,0,-64,8,-7
-2,0,-1,-63,8,-7
-2,0,-1,-63,8,-7
-2,0,-1,-64,7,-7
-2,-1,-1,-63,7,-7
-2,-1,-1,-62,8,-7
-2,-1,-1,-63,8,-7
-2,0,0,-64,8,-7
-2,0,0,-64,8,-7
-2,-1,0,-64,7,-6
-2,-1,0,-64,8,-6
-2,-1,-1,-64,9,-6
-2,-1,-1,-64,9,-7
-2,-1,-1,-63,8,-6
-2,-1,-1,-63,9,-6
-2,0,0,-64,9,-6
-2,0,0,-64,8,-6
-2,0,0,-63,8,-6
-2,0,0,-63,8,-6
-2,0,0,-63,8,-5
-3,0,0,-64,9,-6
-3,0,0,-64,8,-6
-3,0,-1,-64,8,-6
-3,0,-1,-63,9,-6
-3,0,-1,-64,8,-6
-3,0,-1,-64,8,-6
-3,0,-1,-64,8,-5
-3,0,0,-64,9,-6
-4,0,0,-64,8,-6
-4,-1,-1,-63,10,-6
-4,0,-1,-63,9,-5
-4,-1,-1,-63,9,-6
-3,-1,-1,-63,10,-5
-2,-1,-1,-63,9,-4
-2,-1,-1,-63,10,-4
-1,-1,-1,-63,10,-4
-1,-1,-1,-62,9,-3
-2,-1,-1,-62,9,-3
-2,-1,-1,-63,9,-3
-2,-1,-1,-64,9,-3
-2,-1,-1,-63,9,-3
-2,-1,-1,-63,10,-3
-3,0,0,-64,10,-3
-3,-1,0,-64,10,-3
-3,-1,0,-64,10,-2
-3,-1,-1,-63,9,-2
-3,-1,-1,-64,9,-2
-3,-1,-1,-63,10,-1
-3,-1,-1,-63,9,-1
-3,-1,-1,-64,9,-1
-2,-1,-1,-65,10,-1
-2,-1,-1,-64,10,0
-2,-1,-1,-64,9,1
-2,-1,-1,-64,8,1
-1,-1,-1,-64,9,1
-1,-1,-1,-65,9,1
-1,-1,-1,-64,8,1
-1,-1,-1,-64,7,2
-1,0,-1,-65,8,2
-1,0,-1,-65,8,1
-1,-1,-1,-64,7,1
-1,-1,-1,-63,7,1
-1,-1,-1,-64,8,2
-1,-1,-1,-65,7,2
-1,-1,-1,-64,6,2
-2,-1,-1,-63,6,3
-2,-1,-1,-64,8,3
-2,-2,-1,-64,7,3
-2,-2,-1,-64,6,4
-2,-2,-1,-65,7,4
-2,-2,-1,-65,6,5
-2,-1,-1,-64,5,5
-2,-1,-1,-65,6,4
-3,-1,-1,-64,5,6
-3,-1,-1,-63,5,6
-3,-1,-1,-63,6,6
-3,0,-1,-62,5,7
-2,0,0,-63,5,6
-1,1,0,-64,4,6
-2,1,0,-65,5,6
-2,0,0,-65,6,5
-2,0,0,-65,6,4
-2,-1,0,-64,6,5
-2,-1,0,-64,5,5
-2,0,0,-64,5,5
-3,0,0,-64,7,4
-2,-1,0,-63,6,5
-1,0,1,-63,7,5
0,0,1,-65,8,4
0,0,1,-65,8,4
-1,0,1,-65,8,5
-1,0,0,-66,10,4
-1,0,0,-64,10,4
-1,0,0,-63,10,3
-1,0,0,-62,9,4
-1,0,0,-64,9,3
-1,-1,0,-65,8,4
-1,-1,-1,-63,9,4
-1,0,-1,-63,10,4
-1,1,0,-64,10,4
-1,1,0,-65,9,2
-1,1,0,-64,10,0
-1,1,-1,-63,11,0
-1,1,0,-65,10,1
-1,1,0,-64,8,1
-1,-1,0,-63,9,1
-1,-1,-1,-64,10,1
-1,-1,-1,-64,8,3
-1,-1,-1,-64,7,5
0,0,0,-65,8,4
0,0,0,-64,7,3
0,0,0,-65,8,2
-1,-1,0,-66,9,2
-1,-1,0,-65,10,1
-1,-1,0,-64,10,1
-1,-1,0,-63,11,2
-1,-1,-1,-63,9,3
-1,-1,0,-62,10,2
-1,0,0,-62,11,2
-1,0,0,-62,9,3
0,0,0,-62,10,3
-1,0,0,-62,10,3
-1,0,0,-66,11,2
-1,0,-1,-65,11,2
-1,0,0,-64,8,3
0,0,0,-63,8,3
0,0,0,-64,11,1
0,0,0,-65,11,1
0,0,0,-66,9,3
0,0,-1,-64,12,1
0,0,0,-64,11,0
-1,0,-1,-64,8,4
0,-1,-1,-63,10,2
-1,0,0,-63,9,2
-1,0,0,-62,9,3
-1,0,-1,-61,12,0
-1,0,0,-62,8,3
-1,0,0,-63,8,3
0,0,0,-62,14,-2
-1,0,0,-63,14,-1
-1,0,0,-64,10,1
-1,0,0,-66,12,0
-1,-1,-1,-66,14,-2
-1,-1,-1,-64,14,-2
-1,-1,-1,-65,11,0
-1,-1,0,-66,14,-1
-2,-1,-1,-63,15,-2
-2,-1,-1,-61,10,2
-2,-1,0,-63,10,3
-2,-1,0,-62,11,3
-2,-1,0,-62,10,4
-1,-1,-1,-64,10,4
-1,-1,-1,-62,11,3
-1,-1,-1,-64,11,2
-2,-1,-1,-65,10,3
-1,-1,-1,-64,10,3
-1,-1,-1,-64,11,3
-1,-1,-1,-64,12,3
-1,-1,-1,-63,11,4
-1,-1,-1,-63,12,3
-2,-1,-1,-63,11,3
-2,-1,-1,-63,7,6
-2,0,-1,-64,8,6
-1,0,0,-64,10,5
-2,0,-1,-63,9,5
-2,0,-1,-65,9,5
-2,0,0,-64,9,4
-2,0,0,-63,8,4
-2,0,-1,-63,9,3
-2,0,0,-64,10,3
-2,0,0,-64,8,3
-2,0,-1,-64,9,3
-2,0,0,-64,10,2
-1,0,0,-65,9,2
-1,0,0,-66,9,1
0,0,-1,-64,7,1
0,0,-1,-63,8,1
0,0,-1,-64,8,2
1,0,-1,-63,8,2
1,0,-1,-63,9,1
2,0,0,-66,8,1
2,0,-1,-66,7,0
2,-1,-1,-65,9,0
2,0,-1,-62,11,-2
3,0,-1,-65,11,-1
3,0,-1,-64,7,1
3,-1,-1,-64,8,0
3,-1,-1,-64,8,0
2,-1,-1,-62,7,1
2,-1,-1,-62,7,1
2,-1,-1,-63,6,1
2,-2,-1,-63,7,1
3,-2,-2,-61,8,2
2,-1,-2,-64,6,1
2,-1,-1,-67,7,0
1,-1,0,-65,13,-5
1,0,0,-64,9,-1
1,0,0,-66,4,2
1,0,-1,-65,5,1
1,0,-1,-64,7,0
1,0,-1,-64,7,1
1,-1,-1,-65,6,1
0,-1,-1,-64,5,1
0,-1,-1,-64,6,1
0,-1,-1,-64,6,1
0,0,-1,-65,4,1
0,0,-1,-65,4,1
0,-1,-1,-64,5,0
1,-1,-1,-64,5,0
1,-1,-1,-66,5,0
1,-1,-1,-65,5,1
1,-1,-1,-64,4,1
0,-1,-1,-64,5,1
0,0,-1,-63,5,1
0,0,0,-63,5,1
0,0,0,-64,4,0
0,0,-1,-64,4,0
0,0,-1,-65,5,-1
0,-1,-1,-65,4,0
1,-1,-1,-64,4,-1
1,-1,-1,-63,4,-1
1,0,-1,-65,4,-1
2,0,-1,-65,4,-1
2,0,-1,-64,4,0
2,0,0,-65,3,0
1,0,0,-65,3,-1
1,-1,0,-65,3,-1
1,-1,-1,-65,3,-1
2,-1,0,-64,3,0
2,-1,0,-65,3,0
2,-1,0,-66,4,-1
2,-1,0,-65,5,0
2,-1,0,-66,4,0
2,0,0,-66,5,-1
2,0,0,-64,5,-2
3,-1,-1,-64,4,-1
3,-1,-1,-64,5,1
2,0,-1,-64,4,0
2,0,0,-65,4,-1
2,0,-1,-64,5,0
1,0,-1,-64,4,0
1,0,-1,-65,4,-2
1,0,-1,-65,4,-2
1,-1,-1,-65,3,-2
0,-1,-1,-64,4,-1
0,-1,-1,-64,3,-2
0,-1,-1,-65,3,-2
0,-1,-1,-66,4,-3
0,-1,-1,-65,3,-1
0,-1,-1,-65,3,0
0,-1,0,-66,3,-1
0,-1,0,-65,3,-1
0,-2,-1,-63,3,1
0,-1,0,-64,3,1
-1,0,0,-66,3,-1
-1,-1,0,-64,3,-1
-1,-1,-1,-64,3,1
0,0,-1,-66,4,0
-1,0,0,-64,3,0
-1,0,0,-62,3,0
-1,0,0,-65,3,0
-1,-1,0,-66,3,-1
-1,-1,0,-66,4,0
0,-1,0,-68,5,0
0,-1,-1,-66,4,-1
1,-1,-1,-63,4,-1
1,-1,-1,-61,4,1
1,0,-1,-66,6,-1
2,0,-1,-69,4,-4
2,-1,-1,-66,4,4
1,0,-1,-65,3,2
1,0,-1,-66,1,-2
1,0,-2,-64,0,-3
2,0,-1,-65,1,-2
3,0,-1,-67,0,0
3,0,-2,-65,-2,-1
3,0,-2,-64,0,-2
3,0,-1,-64,-1,1
3,0,-1,-65,-1,0
3,0,-1,-62,-1,-3
3,0,-1,-62,-1,-1
3,0,-1,-63,-1,-3
3,0,-1,-63,-3,-5
4,-1,-1,-63,0,1
3,-1,-1,-63,-1,-1
3,0,-1,-63,-2,-2
3,0,0,-67,-2,0
2,-1,0,-66,-3,0
2,-2,-1,-63,-3,-1
2,-2,0,-61,-3,-2
2,-1,0,-63,-2,0
2,-1,0,-64,-2,0
2,-1,0,-64,-1,2
2,0,0,-65,-1,1
1,0,0,-67,-2,-3
2,-2,-1,-63,-2,-1
2,-2,0,-62,0,2
1,-1,0,-67,0,2
1,-1,0,-67,-1,1
0,-1,0,-66,-1,1
0,-1,0,-65,-1,0
1,-1,0,-67,-1,0
1,-1,0,-69,1,2
1,-1,0,-68,1,3
1,-1,0,-67,0,3
1,-1,0,-67,2,3
0,-1,-1,-64,1,3
0,-1,0,-64,1,2
1,-1,-1,-65,0,2
1,-1,0,-64,1,6
0,-1,0,-66,1,5
0,-1,-1,-64,0,3
0,-1,-1,-63,0,4
0,-1,0,-65,0,5
0,-1,0,-65,1,5
0,-1,0,-65,1,3
0,-1,0,-65,0,4
0,-2,-1,-65,0,4
0,-2,-1,-63,1,6
0,-2,-1,-64,1,8
0,-1,-1,-66,0,7
0,-2,-1,-64,0,5
0,-2,-1,-62,-1,6
0,-2,-1,-62,-1,7
0,-1,0,-64,-1,9
0,-1,0,-65,-1,9
0,-2,0,-63,0,8
0,-1,0,-64,0,9
0,-1,0,-66,0,9
0,-1,0,-65,0,8
0,-1,0,-64,1,8
0,-1,0,-65,0,8
0,-2,0,-63,1,9
0,-2,0,-64,1,11
0,-1,0,-65,1,11
0,-2,0,-64,0,11
0,-2,0,-65,1,13
0,-1,0,-67,1,13
0,-2,-1,-64,1,12
0,-2,-1,-62,1,12
0,-1,0,-64,1,13
0,-1,0,-65,1,14
0,-2,-1,-64,2,15
0,-1,-1,-64,1,15
0,-1,-1,-64,1,14
0,-2,-1,-64,0,13
0,-2,-1,-62,0,15
0,-2,-1,-61,1,18
0,-1,-1,-63,0,17
0,-1,-1,-62,0,16
0,-1,-1,-63,1,15
0,-1,-1,-62,1,16
0,-1,-1,-61,1,17
0,-1,0,-64,1,17
0,-1,-1,-63,1,18
0,-1,-1,-63,1,17
0,-1,-1,-63,1,18
0,0,-1,-62,1,17
0,0,-1,-63,0,18
0,0,-1,-64,0,19
0,1,-1,-64,0,19
0,1,-1,-64,0,18
0,1,-1,-64,0,17
0,1,-1,-65,0,16
0,1,-1,-64,-1,16
0,1,-1,-65,0,17
0,1,-1,-63,0,15
0,2,-1,-63,-2,12
0,2,-1,-61,-1,13
0,2,0,-62,-1,12
0,3,0,-68,-1,10
0,1,-1,-67,-2,9
0,-1,-1,-61,-1,10
-1,-1,-1,-62,-1,8
0,-2,-1,-64,-1,9
0,-2,-1,-63,-1,10
0,-3,0,-64,-2,10
0,-4,0,-61,-2,13
0,-4,0,-61,-1,17
-1,-4,0,-64,-1,18
-1,-4,0,-62,0,16
-1,-3,0,-61,0,17
0,-2,0,-65,-1,21
-1,-3,-1,-65,-1,20
-1,-3,-1,-60,0,19
0,-2,-1,-60,-1,19
0,-1,0,-64,-2,23
-1,-2,-1,-63,-1,24
-1,-2,-1,-60,-1,21
-1,-2,-1,-60,-2,22
-1,-2,-1,-60,-2,23
-1,-2,-1,-61,-1,23
-1,-1,-1,-61,-2,25
-1,-2,-1,-61,-2,24
-1,-2,-1,-61,-2,24
-1,-2,-1,-59,-2,24
-1,-2,-1,-60,-1,27
-1,-1,-1,-61,-2,28
-1,-1,-1,-61,-2,26
-1,-1,-1,-61,-2,26
-1,-2,-1,-59,-2,27
0,-1,-1,-59,-3,27
0,-1,-1,-59,-3,28
0,-1,-1,-59,-3,28
-1,-1,-1,-61,-3,28
-1,-2,-1,-59,-3,28
-1,-2,-1,-57,-3,28
0,-1,0,-59,-3,29
0,-1,-1,-58,-3,30
-1,-2,-1,-57,-3,28
-1,-2,0,-58,-3,29
-1,-2,-1,-58,-3,30
-1,-2,-1,-58,-3,30
-1,-2,-1,-56,-3,31
0,-1,0,-57,-3,32
0,-1,0,-58,-3,33
0,-1,0,-58,-3,32
-1,-1,-1,-58,-2,33
-1,-1,-1,-57,-2,34
0,0,-1,-57,-3,33
-1,0,-1,-58,-3,34
-1,0,-1,-56,-3,32
0,0,-1,-57,-3,33
-1,0,-1,-57,-3,32
0,1,-1,-57,-3,31
0,1,-1,-58,-3,32
0,1,-1,-57,-3,30
0,1,0,-58,-3,31
0,1,0,-59,-3,31
0,1,0,-60,-2,30
0,2,-1,-60,-2,28
0,2,-1,-62,-2,29
0,1,-1,-59,-3,28
0,1,-1,-58,-3,26
1,2,-1,-59,-3,27
0,2,-1,-61,-2,27
0,2,-1,-60,-2,24
0,3,-1,-62,-3,25
0,2,-1,-63,-3,25
0,0,-1,-60,-3,22
0,1,-1,-60,-3,21
0,2,-1,-62,-3,23
0,2,-1,-63,-3,22
0,2,-1,-62,-3,19
0,2,-1,-61,-4,18
0,2,-1,-64,-4,17
0,1,-1,-62,-3,16
0,2,-1,-62,-4,17
0,2,-1,-63,-4,18
0,3,-1,-62,-5,16
0,3,-1,-65,-5,15
0,2,-1,-65,-4,12
0,3,-1,-62,-4,11
0,4,0,-64,-5,12
0,4,-1,-64,-2,11
0,6,-1,-63,-3,6
0,7,-1,-67,-5,2
0,5,-1,-71,-6,-1
0,1,-1,-64,-5,-2
0,0,-1,-64,-6,-2
0,-1,-1,-62,-5,0
0,-1,0,-61,-5,2
0,0,0,-63,-5,3
0,1,0,-66,-4,2
-1,0,-1,-65,-4,-1
0,0,0,-62,-4,-1
0,1,0,-66,-4,1
-1,1,0,-65,-4,2
-1,2,0,-65,-4,0
-1,2,-1,-66,-5,-3
-1,0,-1,-66,-5,-5
0,-1,-1,-63,-5,-2
0,-1,0,-62,-5,-3
0,0,0,-65,-5,-1
0,0,0,-67,-4,-1
-1,-1,0,-65,-4,-4
0,-1,0,-63,-4,-3
0,-1,0,-66,-4,-1
-1,-1,0,-65,-3,-3
-1,-1,0,-63,-3,-3
0,-1,1,-65,-3,-2
-1,-2,1,-67,-2,-1
-1,-2,0,-64,-3,-3
0,-3,1,-63,-3,-1
0,-3,1,-64,-1,3
-1,-2,1,-67,0,5
-1,-3,1,-70,1,3
-1,-3,0,-65,0,2
-1,-4,0,-63,0,3
-1,-4,0,-63,1,4
0,-4,1,-63,1,8
-1,-3,0,-64,1,11
-1,-3,0,-62,2,10
-1,-3,0,-63,2,8
-1,-3,0,-66,2,10
-1,-3,0,-62,2,11
-1,-3,0,-60,2,12
0,-1,0,-63,2,16
0,-1,0,-64,3,15
-1,-1,0,-63,3,12
0,-1,0,-63,4,13
0,-1,0,-65,5,16
0,-1,0,-64,5,14
0,-1,0,-62,5,13
0,-1,0,-63,5,14
0,-1,1,-64,5,16
0,-1,1,-64,6,17
0,-2,1,-63,6,15
0,-2,1,-63,7,15
0,-2,1,-63,7,17
0,-2,1,-62,7,18
0,-2,1,-61,7,17
0,-3,1,-58,6,19
-1,-3,1,-60,8,20
-1,-2,1,-67,11,23
0,-1,0,-65,10,25
-1,-2,-1,-62,9,23
-1,-2,-1,-61,9,21
-1,-2,-1,-60,9,20
-1,-2,-1,-60,9,21
-1,-1,-1,-59,8,25
-1,-1,-1,-59,7,26
-1,0,-1,-59,7,24
-1,0,-1,-61,7,23
-1,0,-2,-62,6,24
-1,0,-2,-60,6,23
-1,1,-2,-60,6,23
-1,1,-2,-62,6,24
-2,1,-2,-63,5,20
-1,1,-2,-62,5,22
-2,2,-2,-63,4,23
-2,2,-2,-63,3,19
-2,2,-2,-62,2,14
-2,1,-2,-62,1,13
-1,1,-2,-64,1,16
-1,0,-2,-65,2,19
-1,0,-2,-63,0,15
-1,0,-2,-60,-1,15
-1,1,-2,-61,-2,16
-1,1,-2,-63,-2,14
-1,0,-2,-63,-3,14
-1,0,-1,-63,-2,16
-1,0,-1,-63,-3,14
-1,0,-1,-63,-3,14
-1,0,-1,-61,-4,14
-1,0,-1,-62,-4,15
-1,0,-1,-62,-5,14
-1,-1,-1,-60,-5,13
-1,-1,-1,-61,-5,14
0,-1,0,-61,-5,15
0,-1,0,-62,-4,15
-1,-1,0,-64,-4,15
-1,-1,0,-64,-3,15
-1,-1,0,-64,-4,14
0,-1,0,-65,-3,15
0,-1,0,-65,-3,16
-1,-1,0,-65,-3,16
-1,-1,0,-66,-3,16
-1,0,0,-66,-3,16
-1,0,0,-64,-4,17
-1,0,0,-66,-3,18
-1,0,-1,-64,-3,14
-1,0,-1,-62,-3,14
-1,0,0,-63,-3,14
-1,0,-1,-62,-3,12
0,0,0,-62,-3,13
0,0,0,-63,-3,15
0,0,0,-60,-4,12
0,0,0,-60,-4,12
0,0,0,-62,-4,14
0,0,0,-64,-3,14
0,0,0,-63,-3,15
0,0,0,-62,-3,15
0,0,0,-63,-2,14
0,0,1,-64,-2,13
0,0,1,-66,-1,16
0,0,0,-66,0,14
0,-1,0,-66,1,14
0,0,0,-65,1,13
0,0,0,-64,1,13
0,0,0,-64,0,13
0,0,0,-65,1,14
0,0,0,-65,1,15
0,0,0,-66,2,15
0,-1,-1,-63,1,12
0,0,-1,-61,0,12
0,0,0,-62,0,14
0,0,0,-65,0,14
0,0,0,-64,1,13
0,0,0,-63,1,12
0,0,0,-63,1,12
0,0,0,-64,1,13
0,0,0,-63,1,13
0,0,0,-64,2,12
0,0,0,-64,2,12
0,-1,0,-64,2,13
0,-1,0,-65,3,13
0,-1,0,-62,2,12
0,-1,0,-64,2,13
0,-1,0,-64,2,12
0,-1,0,-60,2,12
0,0,1,-62,1,13
0,0,1,-65,3,15
0,-1,0,-63,3,12
0,-1,0,-60,3,11
0,-1,1,-62,4,12
0,0,0,-65,5,13
-1,-1,0,-65,6,13
-1,-1,0,-66,6,14
-1,0,-1,-65,6,13
-1,0,0,-62,3,9
0,0,0,-67,5,14
-1,-1,-1,-69,6,16
-1,-1,-1,-64,5,11
0,0,-1,-61,5,12
0,0,0,-62,5,12
0,0,0,-62,5,11
0,0,0,-61,6,12
0,0,0,-61,6,12
0,0,0,-64,6,11
-1,-1,0,-64,6,12
0,-1,-1,-63,6,10
0,-1,-1,-63,6,12
0,-1,-1,-64,7,14
0,-1,-1,-66,7,13
0,-1,-1,-63,7,12
0,-1,-1,-63,7,14
-1,-1,-1,-64,7,17
-2,-1,-1,-63,6,15
-2,0,-1,-65,4,10
-1,-1,-1,-62,5,12
-1,-1,-1,-63,5,15
-1,0,-2,-65,4,14
-1,-1,-2,-62,3,12
-1,-1,-2,-62,3,13
0,0,-2,-63,3,14
0,0,-2,-64,3,13
0,0,-2,-65,3,14
-1,0,-2,-63,3,13
-1,0,-2,-62,1,12
-1,0,-2,-63,0,12
0,0,-2,-62,0,11
0,0,-2,-62,0,12
-1,0,-2,-64,0,13
-1,0,-2,-65,-1,12
-1,0,-2,-66,-2,12
-1,0,-2,-66,-3,13
0,0,-1,-65,-3,11
-1,0,-1,-65,-3,11
-1,-1,-1,-65,-3,12
-1,-1,-1,-63,-3,11
-1,-1,-1,-62,-3,9
-1,-1,-2,-63,-4,11
-1,-1,-2,-63,-5,12
-1,-1,-1,-64,-5,13
-1,0,-1,-65,-6,13
0,0,-1,-66,-5,13
0,0,-1,-66,-5,12
-1,-1,0,-65,-5,12
-1,-1,0,-63,-5,12
-1,-1,0,-63,-4,11
-1,-1,0,-62,-5,12
-1,-1,0,-62,-5,13
-1,-1,0,-63,-5,13
-1,-1,0,-64,-6,13
-1,-1,0,-64,-6,14
0,-1,0,-64,-5,14
0,-1,0,-64,-4,14
0,-1,0,-64,-4,14
0,-1,0,-64,-4,14
0,-1,0,-65,-3,14
0,-1,1,-67,-2,15
-1,-1,1,-67,-1,15
-1,-2,1,-65,-2,14
-2,-2,1,-63,-2,15
-2,-2,1,-62,-3,16
-1,-1,1,-62,-3,17
-1,-2,1,-63,-1,17
-1,-2,0,-64,0,17
-2,-2,1,-64,2,17
-2,-3,1,-63,0,20
-1,-2,1,-62,0,21
-1,-2,1,-61,1,19
-1,-1,0,-62,0,19
-1,-1,0,-62,1,19
-1,-2,0,-60,2,20
-1,-2,0,-61,2,21
-1,-1,0,-63,2,22
-1,-1,0,-62,2,22
-1,-1,0,-61,3,22
-1,-1,0,-60,2,21
-2,-1,0,-62,3,21
-2,-1,0,-62,3,23
-2,-1,0,-61,3,23
-2,-1,0,-61,3,23
-2,-1,0,-61,2,24
-2,-1,0,-61,2,25
-2,-1,0,-60,3,25
-2,-1,0,-61,2,24
-2,-1,0,-60,2,26
-2,-1,0,-60,2,26
-2,-1,0,-60,2,26
-1,-1,0,-60,2,25
-1,-1,0,-59,2,25
-1,-1,0,-59,2,26
-1,-2,0,-59,2,27
-1,-1,0,-60,2,28
-1,-1,0,-60,2,28
-1,-1,0,-60,2,28
-1,-1,0,-59,2,28
-1,-2,0,-58,1,29
-1,-1,0,-58,1,29
-1,-1,0,-59,2,28
-1,-1,-1,-59,2,29
-1,-1,-1,-58,1,29
-1,-1,-1,-58,1,28
-1,-1,-1,-58,2,29
-1,-1,-1,-58,1,30
0,-1,-1,-59,1,30
0,-1,-1,-59,1,30
0,-1,-1,-58,0,30
0,-1,-1,-58,1,30
0,-1,-1,-58,1,32
0,-1,-1,-58,1,32
0,-1,-1,-58,0,32
0,-1,-1,-57,0,31
0,-1,-1,-58,0,31
0,-1,-2,-57,-1,32
0,-1,-2,-57,0,31
0,-1,-2,-58,-1,31
0,0,-2,-59,-2,33
0,0,-2,-58,-2,33
1,0,-2,-58,-2,31
1,0,-2,-58,-2,31
0,-1,-2,-58,-2,31
1,-1,-2,-58,-3,32
1,-1,-2,-57,-3,31
1,-1,-2,-57,-4,32
1,0,-2,-57,-2,32
0,1,-1,-57,-3,34
0,2,-1,-59,-5,31
0,1,-1,-58,-4,27
1,1,-1,-57,-5,29
1,1,0,-59,-3,28
1,1,-1,-61,-3,27
1,1,-1,-60,-2,28
1,1,-1,-62,-2,25
1,0,-2,-62,-3,28
1,-1,-2,-58,-3,28
1,0,-2,-59,-5,28
1,-1,-1,-60,-4,28
1,-1,-2,-59,-4,26
1,-1,-2,-58,-4,28
1,-1,-2,-60,-4,29
1,-2,-2,-60,-5,30
0,-2,-2,-58,-4,31
0,-2,-2,-57,-6,28
1,-1,-2,-57,-6,30
1,-2,-2,-57,-6,31
1,-1,-2,-56,-7,33
1,-1,-1,-56,-7,33
0,-2,-1,-57,-7,30
1,-2,-1,-55,-7,32
1,-1,-1,-56,-7,32
1,-1,-1,-58,-6,31
1,-1,-1,-57,-6,31
1,-2,-1,-57,-5,29
1,-2,-1,-56,-6,32
1,-2,-1,-56,-6,37
1,-2,-2,-59,-4,35
1,-2,-2,-55,-5,33
1,-2,-2,-54,-6,36
1,-1,-1,-56,-7,36
1,-2,-2,-56,-6,36
1,-1,-2,-57,-5,39
1,-1,-2,-55,-7,36
1,-1,-2,-52,-8,35
1,-1,-2,-54,-7,39
1,0,-2,-56,-6,37
1,0,-3,-57,-6,32
2,0,-3,-55,-8,35
2,0,-3,-52,-8,39
1,0,-3,-53,-9,36
2,0,-3,-52,-10,37
2,1,-2,-53,-9,39
1,1,-2,-56,-9,36
1,0,-2,-53,-9,36
1,0,-2,-55,-11,35
2,0,-2,-53,-10,35
2,1,-2,-54,-10,39
1,0,-2,-56,-10,35
1,0,-2,-54,-10,33
1,0,-2,-54,-10,37
1,-1,-2,-56,-10,36
1,-1,-2,-56,-9,35
1,-1,-2,-55,-11,33
1,-1,-2,-54,-10,37
1,-1,-2,-54,-10,38
1,-1,-2,-54,-11,35
1,-1,-2,-54,-11,35
1,-1,-2,-55,-10,35
1,0,-2,-53,-11,36
1,0,-1,-53,-11,37
1,0,-1,-55,-10,36
1,0,-1,-56,-10,36
1,0,-1,-54,-10,36
1,0,-1,-53,-10,36
1,1,-1,-56,-10,35
1,1,-1,-56,-10,37
1,1,-1,-56,-10,35
1,1,-1,-57,-10,34
1,0,-1,-55,-10,32
1,0,-1,-53,-10,34
1,1,-1,-57,-9,36
1,1,-1,-56,-9,31
2,1,-1,-58,-9,32
2,1,-1,-56,-8,37
1,1,-1,-60,-7,32
1,1,-1,-56,-9,29
2,1,-1,-54,-9,34
1,2,-1,-57,-8,33
1,2,-1,-57,-9,32
1,1,-1,-57,-8,33
1,1,0,-57,-8,32
1,1,0,-57,-7,29
1,1,0,-58,-7,28
1,1,-1,-57,-7,29
1,1,-1,-58,-6,27
1,1,-1,-59,-7,25
1,1,-1,-59,-8,28
1,0,0,-56,-8,28
1,1,0,-58,-7,28
1,1,1,-63,-4,29
0,1,0,-62,-4,27
0,1,0,-59,-6,25
0,1,0,-59,-5,26
-1,0,0,-60,-5,23
-1,1,0,-61,-6,25
-1,1,1,-64,-4,24
-1,2,0,-66,-3,19
0,1,0,-64,-4,23
0,1,0,-62,-4,23
0,1,0,-64,-3,22
0,2,-1,-63,-3,24
0,3,-1,-64,-2,24
0,3,-1,-64,-3,19
0,2,-2,-62,-4,15
0,2,-2,-62,-5,17
0,2,-1,-62,-4,17
0,1,-2,-63,-6,10
1,1,-2,-61,-8,16
0,-1,-1,-61,-7,18
0,-1,-1,-61,-8,18
-1,-1,0,-60,-6,22
-2,-1,0,-61,-6,16
-2,0,0,-62,-6,15
-2,-1,0,-62,-6,19
-2,-1,0,-60,-8,19
-2,-2,1,-57,-8,23
-3,-1,1,-59,-5,20
-4,0,2,-63,-3,15
-3,0,2,-66,-3,16
-3,-1,1,-65,-2,17
-3,-2,1,-63,-3,13
-3,-2,1,-63,-3,16
-3,-2,1,-64,-1,15
-2,-2,1,-67,0,17
-2,-2,0,-63,0,21
-2,-1,0,-61,-2,20
-3,-1,0,-63,-1,18
-2,-1,0,-64,-1,16
-2,0,0,-63,-1,20
-2,0,0,-62,-1,18
-2,0,0,-60,-2,19
-2,0,0,-61,-2,22
-3,0,0,-62,-1,22
-3,1,0,-61,-2,20
-3,1,0,-63,-2,17
-3,0,0,-65,-1,15
-3,0,0,-63,-1,18
-3,0,0,-62,-3,18
-3,0,0,-62,-3,19
-3,0,0,-61,-2,19
-4,0,0,-59,-3,19
-5,1,1,-61,2,11
-4,1,1,-69,-1,10
-3,0,0,-66,-1,20
-4,-1,0,-60,-2,17
-4,0,0,-60,-4,14
-3,0,1,-61,-1,15
-3,0,1,-67,0,14
-2,0,1,-68,2,17
-2,-1,0,-63,-1,18
-3,-1,0,-61,0,15
-3,0,1,-61,-1,15
-3,0,1,-62,1,14
-2,0,1,-65,2,12
-2,0,1,-65,2,17
-2,0,1,-63,2,16
-3,0,0,-63,2,12
-2,0,1,-64,2,15
-2,0,1,-65,4,13
-2,0,0,-67,4,9
-1,0,0,-65,3,15
-2,0,0,-64,3,15
-2,0,0,-63,2,14
-2,0,0,-63,2,14
-2,-1,0,-65,2,15
-2,-2,-1,-64,3,15
-2,-1,-1,-63,2,15
-2,-1,-1,-64,2,17
-2,-1,-1,-64,2,14
-1,-1,-1,-63,2,15
-2,-1,-1,-64,1,15
-2,-1,-1,-65,1,15
-2,-1,-1,-64,1,15
-2,-1,-2,-65,0,16
-2,-2,-2,-64,0,16
-2,-1,-2,-62,-1,14
-1,-1,-1,-60,-3,15
-1,-1,-1,-62,-3,21
-2,-1,-1,-63,-2,18
-2,-1,-1,-61,-3,15
-1,-1,0,-61,-3,19
-2,-1,0,-62,-4,22
-2,-1,0,-62,-2,21
-3,-1,0,-60,-2,18
-2,-1,0,-60,-2,18
-2,0,0,-61,-2,19
-2,0,0,-61,-1,18
-2,0,1,-62,-1,16
-2,0,1,-64,0,17
-2,-1,0,-63,0,18
-2,0,0,-65,2,15
-1,0,0,-67,0,16
-1,-1,-1,-64,0,18
-1,0,0,-62,-1,17
-1,0,0,-63,-1,17
-1,-1,-1,-62,-1,17
-1,0,0,-63,-2,17
0,0,-1,-62,-2,17
0,-1,-1,-61,-2,18
-1,-1,0,-62,-2,19
-1,0,0,-62,-2,18
-1,0,0,-62,-2,17
-1,0,0,-63,-2,19
-1,-1,0,-63,-2,19
-1,-1,0,-61,-1,16
-1,0,0,-64,-1,18
-1,0,0,-64,-2,20
-1,0,0,-63,-2,18
0,0,0,-65,1,18
-1,-1,-1,-65,0,18
-1,-1,-1,-64,0,19
-1,-1,-1,-64,1,18
-1,-1,-1,-63,-2,17
-1,-1,-1,-61,-3,19
-1,-1,0,-62,0,18
-1,-1,-1,-62,0,17
-1,0,-1,-59,-2,17
-1,0,0,-62,-3,20
0,-1,0,-63,-3,19
0,-1,0,-62,2,19
0,-1,-1,-59,-1,18
0,0,0,-61,2,17
-1,0,0,-62,0,17
0,0,0,-62,2,18
-1,0,0,-62,2,19
-1,0,0,-63,1,16
0,0,0,-65,3,17
0,0,0,-65,2,19
-1,-1,-1,-64,2,18
-1,-1,-1,-60,1,15
0,0,0,-61,0,16
0,0,0,-65,1,19
0,-1,0,-65,2,18
0,-1,-1,-62,2,15
1,0,0,-61,1,18
1,0,0,-64,2,20
0,0,0,-63,2,18
0,1,0,-63,1,18
0,0,0,-64,3,18
0,0,0,-63,3,17
0,0,0,-63,3,16
0,0,0,-63,3,16
0,0,0,-63,4,17
0,0,0,-62,4,16
0,0,0,-63,5,16
0,0,0,-65,7,17
-1,0,-1,-64,4,16
-1,-1,-1,-64,6,13
0,-1,-1,-65,6,15
-1,-1,-1,-65,7,15
-1,-2,-2,-62,7,13
-1,-1,-1,-57,1,11
0,-1,-1,-61,2,15
0,-1,-1,-63,3,20
0,-1,-1,-65,1,19
0,-1,-1,-64,0,21
0,-2,-2,-62,0,22
-1,-1,-1,-63,-1,21
-1,-1,-1,-66,-2,21
-1,-1,-1,-66,1,19
-1,-1,-1,-65,1,17
-1,-1,-1,-65,2,17
-1,-1,-1,-64,1,17
-1,0,-1,-64,0,16
-1,0,-2,-62,0,16
-1,0,-2,-60,-3,18
-1,0,-1,-60,-4,21
-1,0,-1,-61,-2,20
-1,0,-1,-60,0,17
-1,0,-1,-57,-4,18
-1,0,0,-57,-4,16
-1,0,0,-59,-3,17
0,0,0,-62,-1,18
0,0,0,-64,0,16
0,1,0,-65,1,16
0,1,0,-66,1,19
0,0,0,-65,1,19
-1,0,-1,-61,-1,15
0,1,0,-59,-1,12
0,1,0,-61,-3,12
0,1,1,-62,-2,14
0,1,0,-64,-1,14
0,1,0,-65,-1,14
0,0,0,-65,-1,15
0,-1,0,-64,-2,16
-1,-1,0,-66,1,15
-1,-1,-1,-63,0,15
-1,-1,-1,-62,0,15
-1,-1,-1,-63,1,14
-1,-1,0,-65,3,12
-1,-1,-1,-66,1,13
0,-1,-1,-65,1,15
0,-1,-1,-65,2,16
-1,-1,-1,-63,0,17
0,-1,-1,-62,2,17
-1,-1,-1,-61,0,16
-1,0,-1,-61,0,15
0,0,0,-64,2,16
-1,0,0,-66,3,16
-1,0,-1,-64,0,15
0,0,0,-65,2,13
0,0,-1,-65,0,13
-1,0,-1,-63,-2,16
-1,0,0,-64,-2,16
-1,0,0,-62,-1,13
-1,0,0,-63,-1,11
-1,0,0,-67,0,13
0,0,0,-67,-1,14
-1,-1,-1,-63,-2,13
-1,0,-1,-61,-3,12
-1,-1,-1,-62,-5,14
-1,-1,-1,-62,-3,13
0,-1,-1,-63,-2,14
0,-1,-1,-64,-2,17
-1,-1,-1,-66,0,16
-1,-2,-2,-67,0,14
0,-3,-3,-66,-2,20
-1,-3,-3,-61,-1,19
-1,-2,-2,-61,-3,14
-1,-1,-2,-60,-5,16
0,-1,-1,-59,-5,19
0,0,0,-62,-3,18
0,1,0,-61,-4,19
0,1,0,-60,-3,19
-1,2,0,-56,-3,14
0,2,1,-58,-4,15
0,2,1,-62,-2,15
0,3,1,-63,-4,12
0,2,1,-67,-3,10
0,0,0,-67,-2,12
-1,0,0,-62,-3,11
0,0,0,-61,-3,11
0,0,1,-64,1,12
0,0,0,-64,2,7
0,0,1,-66,1,8
1,-2,0,-65,2,11
0,-2,0,-64,2,12
1,-3,0,-65,1,15
1,-3,0,-64,2,17
0,-3,0,-67,4,18
0,-3,-1,-68,2,20
0,-2,-1,-67,1,21
0,-1,-1,-66,2,21
-1,-1,-1,-61,0,18
-1,-1,-1,-59,-1,16
-1,-1,-1,-59,-2,15
-1,0,0,-61,-2,14
-1,0,0,-62,-1,15
0,0,0,-63,0,16
0,0,0,-64,-1,18
0,-1,0,-64,1,19
-1,-1,0,-64,1,17
0,0,0,-63,1,15
0,0,0,-64,1,16
0,-1,0,-64,1,17
0,-1,0,-63,2,15
0,0,0,-63,0,15
0,-1,-1,-61,-1,18
0,-1,0,-63,-1,20
0,-1,0,-64,0,20
-1,-1,-1,-62,0,19
-1,-1,-1,-62,0,19
-1,-1,-1,-61,1,16
-1,-1,0,-61,1,15
-1,-1,0,-63,1,18
-1,-1,0,-65,1,20
-1,-1,0,-66,2,20
-1,-1,-1,-65,3,20
-1,-1,-1,-64,2,20
-1,-1,-1,-60,0,19
-1,-1,-1,-60,0,18
-1,0,0,-64,1,19
-1,0,0,-63,1,18
-1,-1,-1,-60,0,17
-1,-1,-1,-59,0,16
-1,-1,-1,-60,-2,19
-1,-1,0,-61,-1,19
-1,-1,0,-65,-1,19
-1,-1,-1,-66,-1,19
-1,-1,-1,-66,0,21
-1,-1,-1,-63,0,19
-1,-1,-1,-63,0,17
-1,-2,-1,-63,0,17
-1,-2,-1,-62,-1,17
0,-2,-1,-61,-1,18
0,-1,-1,-62,-2,20
0,-1,-1,-61,-2,23
0,-1,-1,-60,-1,22
0,0,-1,-60,-2,22
0,0,0,-59,-3,22
0,1,0,-63,-1,24
-1,0,0,-63,0,23
-1,1,0,-62,0,22
-1,1,0,-63,0,22
-1,1,0,-62,0,20
-1,2,0,-63,0,19
-1,1,0,-63,0,17
-1,1,0,-63,-2,16
0,0,0,-66,0,20
-1,0,-1,-63,0,17
-1,0,-1,-60,0,14
0,1,0,-61,-1,16
0,0,0,-61,-1,17
-1,0,0,-62,0,16
-1,0,0,-63,0,16
0,0,0,-61,1,17
0,0,0,-62,0,17
0,1,1,-62,0,17
0,1,1,-61,1,17
-1,1,1,-65,1,15
-1,0,1,-66,3,13
-1,0,0,-67,4,14
-1,-1,0,-66,5,13
-1,-1,-1,-65,4,13
0,-1,-1,-66,3,15
0,-1,-1,-63,3,14
0,-1,-1,-64,2,14
0,-2,-1,-66,2,17
0,-2,-2,-65,2,17
-1,-2,-3,-63,1,16
0,-2,-3,-63,0,17
0,-2,-3,-63,-1,18
0,-2,-3,-61,-3,18
0,-2,-2,-61,-3,19
0,-2,-2,-60,-3,19
0,-1,-2,-61,-3,19
0,-1,-1,-60,-4,19
0,0,-1,-61,-5,20
0,0,-1,-61,-4,20
0,1,-1,-62,-5,19
-1,1,0,-64,-4,18
-1,0,-1,-63,-4,18
-1,0,0,-61,-4,16
0,0,0,-62,-4,16
0,0,0,-63,-3,18
0,0,0,-62,-3,19
0,0,0,-61,-3,19
0,1,0,-63,-3,18
0,0,0,-65,-2,16
0,0,0,-64,-2,17
0,0,0,-61,-2,16
0,0,0,-62,-3,15
0,0,0,-65,-1,17
0,0,0,-64,-1,17
0,0,0,-64,-1,17
0,0,0,-63,-1,16
0,0,0,-63,-1,15
0,1,0,-62,-2,15
0,0,0,-61,-3,16
-1,0,0,-61,-2,15
-1,-1,0,-63,-4,13
0,-1,-1,-64,0,16
0,-1,0,-68,1,19
-1,0,-1,-67,1,17
-1,0,-1,-65,0,15
-1,0,0,-64,-2,14
0,0,0,-62,-1,14
0,0,0,-62,0,13
0,0,-1,-61,-2,11
1,0,0,-60,-2,14
2,0,0,-63,1,13
2,0,0,-63,2,11
2,1,0,-63,2,13
2,1,1,-66,3,13
2,0,0,-67,4,11
1,-1,-1,-66,6,14
0,-1,-1,-65,5,13
-1,-1,-1,-62,2,10
-1,-2,-1,-62,1,11
0,-1,-1,-63,2,14
0,-1,-1,-63,2,15
0,-1,-1,-64,1,16
-1,-1,-1,-64,2,17
-1,-1,-1,-63,2,16
-1,-1,-1,-63,1,17
-1,-1,-1,-63,1,20
-2,-2,-1,-62,2,19
-3,-1,0,-63,1,16
-3,-1,0,-62,1,16
-3,-1,0,-63,0,16
-2,-1,0,-63,2,15
-2,-1,0,-64,1,17
-2,-1,-1,-63,2,19
-2,-2,-1,-64,1,18
-2,-2,-1,-64,1,18
-2,-2,-1,-62,0,19
-2,-2,-1,-61,0,19
-1,-1,-1,-63,-1,20
-1,-1,-1,-63,-1,21
-2,-2,-1,-61,-2,21
-1,-1,-1,-62,-3,23
-2,-1,-1,-60,-2,22
-2,-1,-1,-60,-4,22
-2,-1,-1,-61,-5,23
-3,-1,-1,-61,-4,20
-2,-1,-1,-60,-4,19
-1,0,-1,-60,-5,19
-1,0,0,-62,-3,23
-1,0,0,-64,-3,21
0,0,0,-62,-3,20
0,0,0,-63,-4,22
-1,0,-1,-63,-4,22
-1,0,-1,-62,-4,21
-1,-1,-1,-60,-4,21
-1,0,0,-62,-4,22
-1,0,0,-63,-4,20
-1,0,-1,-62,-5,18
-1,0,0,-61,-4,21
-1,0,0,-63,-4,19
-1,0,-1,-62,-4,17
0,0,0,-61,-5,18
0,0,0,-61,-5,19
0,0,0,-63,-4,20
0,0,0,-62,-4,19
0,0,0,-62,-4,18
0,0,0,-61,-4,19
0,0,0,-60,-4,17
0,0,0,-60,-4,17
1,0,0,-61,-4,19
0,0,0,-62,-3,19
0,0,1,-64,-2,18
1,0,0,-64,-2,18
1,0,0,-64,-3,19
1,0,0,-60,-1,17
1,1,0,-61,-1,15
2,1,1,-62,-2,19
1,0,1,-65,3,21
0,0,0,-66,3,16
0,-1,0,-63,2,15
0,-1,0,-64,3,17
0,0,0,-65,3,14
0,-1,0,-65,3,15
1,-1,-1,-62,2,17
0,-1,0,-62,2,17
0,-1,0,-63,2,15
1,-1,-1,-62,1,17
1,-1,0,-62,2,20
1,0,0,-65,3,16
1,-1,-1,-62,3,14
1,0,0,-62,2,16
1,0,0,-63,3,19
1,-1,0,-64,3,21
0,-1,-1,-63,3,19
0,-1,-1,-63,3,17
0,-1,-1,-62,3,17
0,-1,0,-63,3,18
0,-1,-1,-62,3,20
-1,-1,-1,-63,3,19
-1,-1,-1,-62,3,18
-1,-1,-1,-62,3,18
-1,-1,-1,-64,3,19
-1,-1,-1,-64,3,20
-1,-1,-1,-62,2,18
-1,-1,-1,-62,3,19
-1,-1,-1,-63,2,20
-1,-1,-1,-62,2,18
-1,-1,-1,-60,1,19
-1,0,-1,-62,1,21
-2,0,-1,-62,1,21
-2,0,-1,-62,2,21
-2,0,-1,-65,2,19
-2,0,-1,-64,2,19
-2,0,-1,-62,1,18
-2,0,-1,-63,1,19
-2,0,-1,-63,1,17
-2,0,-1,-61,0,16
-2,-1,-1,-61,0,17
-2,-1,-1,-62,0,17
-2,-1,-1,-62,0,16
-1,-1,-1,-63,0,17
-1,-1,-1,-63,0,19
-2,-1,-1,-64,1,18
-1,-1,-1,-64,0,18
-1,-1,-1,-63,0,18
-1,-1,-1,-62,-1,20
-1,-1,-1,-62,-1,20
-1,-1,-1,-61,-2,20
-1,-1,-1,-62,-1,22
-1,-1,-1,-62,-2,20
-1,-1,-1,-61,-2,19
-1,-1,-1,-62,-2,20
-1,-1,-1,-63,-2,21
-2,-1,-1,-63,-1,22
-2,-1,-1,-62,-2,20
-1,-1,-1,-62,-2,19
-1,-1,-1,-62,-2,20
-1,-1,-1,-61,-3,20
-1,-1,-1,-61,-3,20
-1,-1,-1,-62,-4,21
0,-1,-1,-60,-4,22
0,-1,-1,-61,-4,22
0,-1,-1,-62,-4,23
-1,-1,-1,-61,-4,22
-1,-1,-1,-60,-4,20
0,-1,-1,-60,-4,21
0,0,0,-61,-3,20
0,0,0,-63,-3,23
0,-1,-1,-63,-3,26
-1,0,-1,-62,-3,21
0,0,-1,-61,-3,19
0,0,-1,-61,-3,22
0,0,0,-60,-3,20
0,0,0,-61,-3,20
0,0,0,-60,-4,21
0,0,0,-59,-5,19
0,0,0,-59,-5,21
0,0,0,-61,-4,23
0,0,0,-63,-3,21
0,0,0,-62,-3,21
0,0,0,-61,-2,21
0,0,0,-62,-1,21
0,-1,0,-64,0,22
0,-1,0,-62,0,21
0,0,0,-63,0,20
0,0,0,-64,1,20
1,-1,-1,-63,-1,21
1,-1,-1,-61,-1,22
0,0,-1,-60,-2,20
1,0,0,-58,-2,20
1,0,0,-59,-2,22
1,1,0,-61,-1,23
0,0,0,-63,1,18
0,0,0,-63,1,19
0,0,0,-64,2,23
0,0,0,-64,2,21
0,-1,0,-63,1,20
0,-1,0,-62,1,21
0,-1,0,-62,1,20
-1,-1,0,-62,1,20
-1,-1,0,-62,1,22
-1,-1,-1,-63,2,23
-1,-1,-1,-62,2,21
-1,-1,-1,-61,1,20
-1,-1,-1,-62,1,22
-1,-1,-1,-62,1,22
-1,-1,-1,-61,-1,19
-1,-1,0,-61,0,20
-1,-1,0,-62,-1,24
-1,-1,-1,-61,-1,21
-1,-1,-1,-59,0,17
-1,0,0,-59,0,17
0,0,0,-60,-1,20
0,0,0,-59,1,20
0,1,0,-59,0,20
1,1,1,-63,1,25
0,1,0,-66,3,23
0,0,0,-65,2,18
0,0,0,-63,5,18
0,0,0,-62,3,17
0,0,0,-64,4,18
0,0,0,-63,3,19
-1,-1,0,-62,4,17
0,-1,0,-62,2,18
0,-1,0,-63,3,20
0,-1,0,-62,2,20
0,0,0,-62,3,20
0,0,0,-63,2,20
-1,0,0,-62,1,19
0,0,0,-62,4,19
-1,0,0,-62,2,18
-1,0,0,-63,4,19
-1,-1,-1,-63,2,20
-1,-1,-1,-63,5,20
-1,-1,-1,-60,2,18
-1,-1,0,-59,3,15
0,0,0,-64,3,20
-1,0,0,-65,5,21
-1,-1,-1,-63,4,16
-1,-1,-1,-63,4,17
-1,-1,-1,-63,3,21
-1,-1,-1,-64,4,20
-1,-1,-1,-61,2,18
-1,-1,-1,-61,2,19
-1,-1,-1,-62,2,21
-1,0,-1,-64,2,20
-1,-1,-1,-63,1,20
-1,-1,-1,-62,1,20
-1,-1,-1,-63,1,19
-1,-1,-1,-61,1,18
-1,-1,-1,-61,0,19
-1,-1,-1,-63,-1,20
-1,-1,-2,-63,0,20
-1,-1,-2,-62,-1,22
-1,-1,-2,-60,-2,20
-1,-1,-1,-60,-3,20
0,0,-1,-61,-3,21
0,0,-1,-61,-3,22
-1,0,-1,-60,-3,20
0,0,-1,-61,-3,20
0,0,-1,-63,-2,22
-1,0,-1,-64,-2,21
-1,0,-1,-64,-2,20
-1,0,-1,-63,-2,20
-1,-1,-1,-62,-2,20
-1,-1,-1,-61,-3,20
-1,-1,-1,-61,-4,20
-1,-1,-1,-60,-5,19
0,-1,-1,-61,-5,21
0,0,-1,-62,-5,22
-1,0,-1,-62,-5,21
-1,-1,-1,-62,-5,21
-1,-1,-1,-62,-4,20
-1,-1,-1,-61,-4,19
0,-1,-1,-63,-4,20
0,-1,-1,-61,-4,22
0,-1,-1,-61,-5,21
0,-1,-1,-61,-5,21
0,-1,-1,-62,-5,21
0,-1,-1,-62,-5,21
0,-1,-1,-60,-5,22
0,-1,0,-60,-5,22
0,-1,0,-61,-5,22
0,-1,0,-61,-4,23
0,-1,0,-61,-4,23
-1,-1,0,-62,-4,22
0,-2,0,-63,-4,24
-1,-2,0,-62,-3,24
-1,-1,0,-60,-3,21
0,-1,0,-60,-4,24
-1,-1,0,-60,-4,25
-1,-1,0,-61,-3,23
-1,-1,0,-61,-3,25
-1,-1,0,-62,-3,27
-1,-1,0,-61,-3,24
-1,0,0,-60,-3,23
0,0,0,-60,-3,24
0,0,0,-60,-2,24
0,0,0,-60,-2,23
0,0,0,-60,-3,25
0,1,0,-61,-2,24
0,1,0,-62,-2,22
0,0,0,-62,-2,23
0,0,0,-61,-2,22
0,0,0,-60,-2,21
0,0,0,-64,-1,25
0,0,-1,-62,-1,22
0,0,-1,-62,0,21
0,0,0,-61,0,21
0,0,0,-61,-1,20
0,0,0,-61,-1,21
0,0,0,-62,-1,22
0,-1,0,-62,-1,23
0,-1,0,-62,0,22
0,-1,0,-62,0,22
0,-1,0,-61,0,22
0,0,0,-61,-1,22
0,0,0,-61,0,22
0,0,0,-62,0,21
0,-1,0,-62,0,22
0,-1,0,-61,0,21
0,0,0,-62,0,21
0,-1,0,-62,0,22
0,-1,0,-61,1,21
0,-1,0,-61,0,21
0,0,0,-62,1,22
0,-1,0,-62,2,21
0,-1,0,-61,2,21
-1,-1,0,-61,1,22
-1,-1,0,-62,1,22
-1,-1,0,-62,1,23
-1,-1,0,-62,1,23
-1,-1,-1,-61,0,23
-1,-1,0,-62,0,22
0,-1,0,-61,1,23
-1,-1,-1,-61,1,22
-1,-1,0,-61,1,22
-1,0,0,-61,1,23
-1,0,0,-61,1,23
-1,0,0,-62,1,22
-1,0,-1,-62,1,22
-1,0,-1,-61,1,23
-1,0,-1,-62,1,22
-1,-1,-1,-62,1,22
-1,-1,-1,-61,1,22
-1,-1,-1,-61,0,23
-1,-1,-1,-60,-1,23
-1,0,-1,-60,-1,22
-1,0,-1,-61,-1,22
-1,0,-1,-61,-1,22
-1,-1,-1,-61,-1,23
-1,0,-1,-62,-1,23
-1,-1,-1,-61,-1,23
-1,0,-1,-60,-2,22
-1,0,-1,-60,-2,22
-1,0,-1,-61,-2,22
-1,0,-1,-63,-2,23
-1,0,-1,-63,-2,24
-1,-1,-1,-63,-3,23
-1,-1,-1,-61,-3,22
-1,-1,-1,-61,-2,22
-1,-1,-1,-61,-2,22
0,-1,-1,-61,-2,22
0,-1,0,-62,-2,22
0,-1,0,-63,-3,23
0,-1,0,-61,-3,24
0,0,-1,-61,-3,23
0,0,-1,-60,-3,23
0,0,-1,-62,-1,22
-1,-1,0,-63,-2,22
-1,-1,0,-60,-2,24
0,-1,0,-60,-2,23
0,-1,0,-62,-2,23
0,-2,1,-60,0,23
0,-2,1,-62,-1,24
0,-2,1,-62,-1,26
0,-2,1,-60,0,27
0,-1,1,-60,-1,26
1,-1,1,-59,3,24
0,-1,1,-58,2,25
0,0,0,-59,3,25
0,0,0,-60,3,25
0,-1,0,-61,3,25
0,-1,0,-61,4,26
0,-1,1,-60,4,25
0,-1,1,-60,4,25
-1,-1,1,-59,4,26
-1,-1,1,-59,4,27
0,-1,0,-59,5,27
0,-1,0,-58,6,27
0,-1,0,-58,5,27
0,0,0,-59,6,27
-1,0,0,-59,6,26
-1,0,0,-59,6,26
-1,0,0,-60,6,27
-1,-1,0,-60,6,27
-1,-1,0,-59,6,27
-1,-1,0,-59,6,27
-1,-1,0,-58,6,27
-1,0,0,-58,7,27
-1,0,0,-59,6,27
-1,0,0,-58,6,27
-1,0,-1,-59,6,26
-1,0,-1,-59,6,26
-1,0,-1,-59,6,26
-1,0,-1,-59,6,26
-1,0,-1,-59,6,27
-1,0,-1,-59,6,27
-1,0,-1,-60,6,27
-1,0,-1,-60,6,26
-1,0,-1,-59,6,26
-1,0,-1,-59,5,26
-1,0,-1,-59,5,26
-1,0,0,-60,5,27
-1,0,0,-59,5,26
-1,0,0,-59,5,26
-1,0,0,-60,5,26
-1,0,0,-60,6,25
-1,0,0,-59,5,25
-2,0,0,-60,6,26
-2,0,0,-60,5,26
-2,0,0,-59,5,25
-2,0,0,-60,5,26
-2,0,0,-60,5,26
-2,0,0,-60,5,25
-2,0,0,-60,4,25
-2,0,0,-60,5,25
-2,0,0,-60,4,26
-2,0,0,-60,5,25
-2,0,0,-59,5,25
-2,0,0,-60,4,25
-2,0,0,-60,4,26
-2,0,0,-60,4,25
-2,0,0,-60,3,25
-2,0,0,-60,3,25
-2,0,0,-61,4,25
-2,0,0,-60,4,24
-2,0,0,-60,4,24
-2,-1,0,-60,4,24
-2,0,0,-60,3,25
-2,0,0,-60,3,25
-2,0,0,-60,2,25
-2,0,0,-61,3,25
-2,-1,0,-60,3,25
-2,-1,0,-59,3,24
-2,-1,0,-60,3,24
-2,-1,0,-60,3,25
-2,0,0,-60,2,26
-2,0,0,-61,2,26
-2,0,0,-60,2,25
-1,0,0,-60,1,25
-1,0,0,-60,1,25
-1,0,-1,-60,1,25
-1,-1,-1,-61,2,26
0,-1,-1,-60,2,26
0,-1,-1,-60,2,25
0,-1,-1,-60,2,25
0,0,-1,-60,2,25
0,0,-1,-60,2,25
0,0,-1,-61,2,26
0,0,-1,-61,2,26
0,0,-1,-60,2,26
0,0,-1,-60,2,25
0,0,-1,-59,2,25
0,0,-1,-60,2,25
0,-1,-1,-61,1,25
1,-1,-1,-61,1,25
1,-1,-1,-60,1,25
1,-1,-1,-60,1,26
1,-1,-1,-59,2,25
1,-1,-1,-60,2,26
1,-1,-1,-60,2,26
1,0,-1,-60,1,26
1,0,-1,-60,1,26
1,0,-1,-61,1,25
2,-1,-1,-61,1,24
2,-1,-1,-59,2,24
2,-1,-1,-58,1,25
1,-1,-1,-60,2,27
1,-1,-1,-61,1,27
1,-1,-1,-60,1,27
1,-1,-1,-59,1,26
1,0,-1,-60,1,25
1,0,-1,-59,2,25
1,0,-1,-59,1,26
1,0,-1,-60,2,25
1,0,-1,-60,1,25
1,0,-1,-60,2,25
1,0,-1,-61,2,25
1,-1,-1,-61,3,25
1,-1,-1,-60,2,25
1,-1,-1,-60,2,25
0,-1,-1,-59,2,25
0,0,-1,-60,2,25
1,-1,-1,-60,2,25
0,-1,-1,-59,2,25
0,-1,-1,-60,2,25
0,-1,-1,-61,1,26
0,-1,-1,-60,2,26
0,0,-1,-60,2,25
0,0,-1,-61,1,26
0,-1,-1,-58,1,26
1,0,-1,-58,1,25
1,0,-1,-60,2,25
1,0,-1,-61,3,25
1,0,-1,-62,2,25
1,-1,-1,-61,3,25
1,-1,-1,-60,4,24
0,0,-1,-59,2,24
0,-1,-1,-60,2,25
0,-1,-1,-61,3,25
0,0,-1,-60,2,26
0,0,-1,-61,2,26
0,0,-1,-60,4,25
0,0,-1,-60,1,25
0,0,-1,-60,2,25
0,0,-1,-59,2,25
0,0,-1,-59,2,24
0,0,-1,-60,2,24
0,0,-1,-61,3,24
0,0,-1,-62,3,25
0,0,-1,-62,2,25
0,0,-1,-61,2,25
0,0,-1,-60,2,24
0,0,-1,-59,1,23
0,0,-1,-60,3,23
0,0,-1,-61,2,24
-1,0,-1,-60,1,25
-1,1,-1,-62,1,22
0,-1,0,-62,1,23
0,-1,-1,-60,3,24
-1,0,-1,-62,1,23
-1,0,-1,-61,2,23
0,-1,-1,-60,2,23
0,0,-1,-60,1,24
0,0,0,-62,2,23
0,0,-1,-61,2,23
0,0,-1,-60,1,23
0,0,-1,-61,1,23
0,0,0,-61,1,22
0,0,0,-61,2,22
0,0,-1,-61,1,22
0,0,-1,-62,2,23
0,0,-1,-62,1,23
0,0,-1,-62,1,23
0,0,-1,-61,1,22
0,0,-1,-61,1,22
0,0,-1,-61,1,23
0,0,-1,-61,1,23
0,0,-1,-62,2,22
0,0,-1,-61,2,21
0,0,-1,-61,2,22
0,0,0,-61,1,22
0,0,0,-61,2,22
0,0,0,-61,2,22
0,0,0,-61,2,22
0,0,0,-61,2,22
0,0,0,-61,2,22
0,-1,0,-61,2,22
0,-1,0,-62,2,22
0,-1,0,-61,2,22
0,-1,0,-61,2,22
-1,-1,0,-62,2,22
-1,-1,0,-62,2,22
-1,-1,0,-61,2,22
-1,0,0,-61,2,22
-1,0,0,-61,2,23
-1,0,0,-61,2,22
-1,0,0,-61,2,22
-1,0,0,-61,3,22
-1,0,0,-61,2,22
-1,0,0,-61,2,22
-1,0,0,-61,2,22
-1,-1,0,-61,3,22
-1,0,0,-61,3,22
-1,0,0,-61,3,22
-1,0,0,-61,3,22
-1,0,0,-62,3,22
-1,0,0,-62,3,22
-1,0,0,-61,4,22
-2,0,0,-61,4,22
-2,0,0,-61,3,22
-2,0,0,-61,5,21
-2,0,0,-60,4,21
-2,0,0,-62,1,22
-2,0,0,-63,2,24
-1,-1,0,-62,4,22
-2,-1,0,-61,3,23
-1,0,0,-61,3,22
-1,0,0,-61,3,22
-1,0,0,-60,4,22
-1,0,0,-61,4,22
-1,0,0,-62,4,22
-1,0,0,-61,4,22
-2,0,0,-61,2,22
-1,-1,0,-61,4,22
-1,-1,0,-61,5,22
-2,-1,0,-60,3,22
-1,-1,0,-61,3,23
-1,0,0,-61,4,23
-1,0,0,-61,2,23
-1,0,0,-61,3,23
-1,0,0,-62,4,23
-1,-1,0,-61,4,23
-1,0,0,-61,4,22
-1,0,0,-61,5,22
-2,-1,0,-61,4,22
-2,-1,0,-61,3,22
-2,-1,0,-60,4,22
-2,-1,0,-61,4,23
-2,-1,0,-61,3,24
-1,-1,0,-61,4,24
-1,-1,0,-60,4,23
-2,0,0,-60,4,22
-2,0,-1,-60,3,23
-2,0,-1,-60,2,23
-1,-1,-1,-60,3,22
-1,-1,-1,-61,2,23
-1,-1,-1,-62,2,25
-1,-1,-1,-62,1,26
0,-1,-1,-61,2,25
0,-1,-1,-60,3,24
0,-1,-1,-59,3,23
0,0,-1,-59,2,22
0,1,-1,-61,3,24
0,0,-1,-62,2,24
0,0,-1,-61,2,24
0,0,-1,-63,2,26
1,-1,0,-64,2,26
1,-1,0,-60,1,24
1,0,0,-59,3,24
1,0,-1,-60,6,16
-1,-1,-1,-60,2,16
-1,0,-1,-61,2,29
0,0,-1,-64,3,26
0,-1,0,-63,2,21
0,-1,0,-60,2,22
0,0,-1,-59,3,22
0,0,-1,-60,3,21
0,-1,0,-63,3,23
-1,-1,0,-63,3,26
0,-1,0,-62,2,25
0,-1,0,-62,2,22
0,-1,0,-61,2,22
0,-1,0,-62,2,24
0,-1,0,-62,3,22
0,-1,0,-60,3,23
0,-1,0,-60,3,26
0,0,0,-61,4,25
0,0,0,-58,5,23
-1,0,0,-59,5,24
-1,0,0,-60,5,24
0,0,0,-62,4,23
0,-1,0,-63,5,24
0,-1,0,-59,5,25
0,-1,0,-57,6,24
0,-1,0,-58,6,24
0,-1,0,-60,6,25
0,-1,0,-61,6,24
-1,-1,0,-61,5,25
0,-1,0,-60,5,25
-1,-1,0,-58,5,25
-1,-1,-1,-58,6,26
0,0,-1,-59,5,26
-1,0,-1,-59,6,25
-1,0,-1,-59,6,25
-1,0,-1,-59,6,25
-1,0,-1,-59,6,25
0,0,-1,-60,5,25
0,0,-1,-60,5,25
0,0,-1,-60,5,24
0,0,-1,-61,4,24
0,0,-1,-61,5,24
-1,0,-1,-61,4,24
-1,0,-1,-60,4,23
-1,0,-1,-60,5,24
-1,0,-1,-59,5,24
-1,0,-1,-61,5,24
-1,0,-1,-61,5,23
-1,0,-1,-60,4,24
0,0,-1,-58,5,24
0,0,-1,-62,5,23
-1,0,-1,-62,4,24
0,-1,0,-60,4,23
0,-1,-1,-60,5,23
0,0,-1,-61,4,23
0,0,-1,-61,4,23
0,0,-1,-61,4,22
0,0,-1,-61,4,23
0,0,-1,-61,4,23
-1,-1,0,-63,4,23
-1,-1,0,-63,4,24
-1,-1,0,-62,4,23
-1,-1,0,-62,4,24
-1,-1,0,-60,4,23
-1,-1,0,-59,5,23
-1,-1,0,-58,5,25
-1,-1,0,-61,4,27
0,0,0,-63,6,24
0,0,0,-61,4,22
-1,-1,0,-61,6,23
-1,-1,0,-60,6,23
-1,-1,0,-59,6,22
-1,-1,0,-58,8,22
-1,-1,0,-56,7,25
-1,-1,0,-59,7,24
-1,-1,0,-61,8,25
-1,-1,0,-61,8,28
-1,-1,0,-60,7,26
-1,-1,0,-58,7,24
-1,-1,0,-60,8,26
-1,-1,0,-62,8,27
-1,-1,1,-61,7,27
-1,-1,1,-58,7,27
-1,-1,1,-55,9,25
-2,0,0,-53,9,27
-1,1,-1,-56,10,32
0,1,-1,-60,10,28
0,0,-1,-59,9,23
-1,0,-1,-59,7,24
-1,1,-1,-62,6,25
0,0,-1,-62,6,23
-1,1,-1,-62,6,22
-1,1,-1,-62,6,23
-1,0,-1,-60,6,22
-1,0,-1,-58,6,21
-1,0,-1,-59,7,23
-1,0,-1,-60,8,25
-1,0,-1,-59,5,20
-1,0,-1,-63,7,28
-1,0,-1,-61,6,24
0,0,-1,-57,7,23
0,0,-1,-59,7,20
0,0,-1,-62,6,23
0,0,-1,-59,6,21
0,0,-1,-61,6,22
-1,0,-1,-63,5,21
-1,-1,-1,-61,5,22
-1,-1,-1,-60,5,21
-1,0,-1,-60,6,20
-1,0,-1,-62,4,21
-1,0,-1,-63,3,25
0,0,-1,-63,3,26
1,0,0,-64,5,22
0,-1,0,-61,6,19
-1,-1,0,-58,6,21
-1,0,0,-59,7,22
-1,0,-1,-58,6,21
-1,0,-1,-60,6,21
-1,0,-1,-61,5,23
-1,0,-1,-63,3,26
0,0,-1,-64,5,22
0,-1,-1,-59,5,16
-1,0,-1,-60,3,21
-1,0,-1,-63,4,25
0,0,-1,-63,5,19
-1,0,-1,-61,4,19
-1,0,-1,-62,4,23
-1,0,0,-63,4,22
0,-1,0,-63,4,20
-1,-1,0,-60,4,20
-1,-1,0,-61,4,23
0,-1,0,-61,4,22
0,-1,0,-60,4,19
-1,0,-1,-61,4,22
0,0,-1,-64,3,23
0,0,-1,-64,3,21
0,-1,0,-63,4,20
-1,-1,0,-62,4,20
-1,-1,0,-60,5,21
-1,-1,0,-59,5,22
-1,-1,-1,-60,5,23
0,-1,-1,-62,5,22
0,-1,0,-60,5,23
0,-1,0,-61,5,23
0,-1,-1,-62,4,21
-1,-1,0,-62,4,21
-1,-1,0,-60,4,22
-1,-1,0,-60,5,21
-1,-1,0,-61,5,22
-1,-1,0,-60,6,23
-1,-1,0,-59,6,24
-1,-1,0,-58,6,23
-1,-1,-1,-58,6,24
-1,0,-1,-59,6,25
-1,0,-1,-60,6,25
-1,0,-1,-62,5,27
0,-1,-1,-64,5,27
0,-1,-1,-61,4,23
0,-1,-1,-58,5,22
0,0,-1,-61,5,23
-1,-1,-1,-62,5,24
-1,-1,0,-60,4,23
-1,-1,0,-60,5,23
-1,-1,0,-62,5,24
-1,-1,0,-63,5,24
-1,-1,1,-62,5,22
-2,-2,1,-58,5,23
-2,-1,1,-56,5,26
-2,0,0,-59,5,27
-1,0,0,-61,5,25
-1,0,0,-63,6,23
-2,0,0,-60,5,27
-2,0,0,-60,5,26
-2,0,0,-60,8,27
-2,-1,0,-59,6,28
-1,-1,0,-56,5,26
-1,-1,-1,-58,6,23
-1,-1,-1,-62,6,24
-1,-2,0,-61,4,26
-1,-2,0,-58,5,25
-1,-2,0,-58,6,26
-1,-2,0,-58,5,27
-1,-1,0,-57,6,27
-1,0,-1,-58,5,29
-1,1,-1,-62,5,30
-1,1,-1,-61,5,29
-1,0,-1,-59,4,27
-1,0,-1,-60,6,27
-1,0,-1,-62,5,29
-1,0,-1,-60,5,27
-1,0,-1,-60,5,28
-1,0,-1,-61,4,28
-1,-1,0,-60,4,26
-1,-1,0,-57,5,25
-1,-1,0,-58,5,28
0,-1,-1,-59,4,29
0,0,-1,-59,4,27
0,0,-1,-61,3,24
1,-1,-1,-61,3,22
1,-1,-1,-58,3,24
1,-1,-1,-60,4,26
1,-2,-1,-60,4,27
2,-2,-1,-60,2,22
2,-2,-1,-62,4,15
1,-2,0,-60,6,21
0,-2,0,-56,7,32
1,-1,-1,-61,9,34
2,-2,-1,-62,9,31
2,-1,-1,-57,10,32
2,-1,-2,-58,9,34
2,0,-2,-63,7,33
2,0,-2,-64,8,31
2,0,-2,-62,7,31
2,0,-2,-60,8,30
2,0,-2,-54,7,28
2,0,-2,-56,7,24
2,0,-3,-57,8,21
2,0,-3,-59,5,23
2,1,-3,-61,1,23
1,1,-3,-61,4,23
1,1,-3,-61,2,24
1,1,-3,-68,2,28
2,0,-2,-65,4,25
2,0,-1,-58,3,22
2,0,-2,-59,4,22
2,0,-2,-61,4,24
2,-1,-1,-58,1,22
3,0,-1,-61,3,22
2,0,-1,-60,4,13
1,-1,-1,-56,2,24
1,0,-1,-56,2,27
2,0,-2,-62,2,25
2,0,-1,-63,4,25
1,-1,-1,-59,3,26
1,-1,-1,-57,2,27
1,-1,-1,-58,4,25
1,-1,-1,-55,1,25
1,-1,-1,-53,0,28
1,0,-2,-58,2,25
1,0,-2,-61,0,24
0,0,-2,-60,2,28
0,0,-2,-63,2,29
1,-1,-1,-61,0,25
1,-1,-1,-58,2,27
1,-1,-1,-55,1,26
1,0,-2,-56,2,19
1,0,-2,-58,2,21
0,1,-2,-62,1,24
1,0,-2,-63,0,21
1,0,-1,-61,1,19
1,0,-1,-61,1,23
1,0,-1,-64,0,24
1,-1,-1,-63,-1,22
1,-1,-1,-62,-1,20
1,0,-1,-62,-1,20
0,-1,-1,-61,-1,21
1,-1,-1,-61,-1,22
1,-1,-1,-61,-1,24
1,-1,-1,-62,-2,22
1,-1,0,-62,0,21
0,-1,0,-60,0,24
0,-1,0,-58,-1,26
1,0,-1,-59,0,24
1,-1,-1,-57,-3,25
1,0,-2,-58,-1,27
1,0,-2,-65,-2,23
1,0,-2,-62,-1,25
1,0,-1,-60,-1,24
2,0,-2,-63,0,23
1,-1,-1,-64,0,24
1,-1,-1,-61,0,25
1,-1,-1,-57,1,24
1,0,-2,-59,0,24
1,0,-2,-60,0,23
1,1,-2,-59,-1,22
1,1,-3,-64,-3,19
1,0,-2,-64,-6,22
1,0,-2,-64,-4,22
2,0,-2,-63,-3,22
2,0,-1,-62,-3,21
2,-1,-1,-63,-4,21
2,-1,-1,-63,-4,21
2,-1,0,-61,-3,21
3,-1,0,-60,-2,22
3,-1,0,-61,-2,23
3,-1,-1,-62,-2,23
3,-1,-1,-62,-1,23
4,-1,-1,-62,0,23
3,-1,-1,-61,-1,22
4,0,-1,-60,-1,22
4,0,-1,-61,0,22
4,0,-2,-62,0,21
4,0,-2,-62,0,22
4,1,-2,-61,1,21
4,0,-2,-60,1,20
4,1,-2,-61,1,20
4,1,-2,-62,0,20
4,1,-2,-63,0,20
4,1,-2,-63,-1,20
5,0,-1,-61,3,20
5,0,-1,-61,3,19
5,0,-1,-63,2,19
5,0,-1,-63,2,17
4,1,-1,-61,2,16
3,1,-1,-63,2,17
3,0,-1,-63,3,17
2,0,-1,-64,4,18
2,0,-1,-64,5,18
2,0,0,-62,4,16
1,0,0,-62,3,15
1,0,-1,-64,4,16
1,-1,-1,-65,5,17
1,-1,-1,-64,4,16
0,0,-1,-62,3,15
0,0,-1,-62,3,15
1,0,-1,-62,2,14
1,0,-1,-63,2,15
1,0,-1,-64,2,15
1,0,-1,-63,2,15
2,0,-1,-63,3,14
2,0,-1,-64,3,14
2,0,-1,-65,3,14
2,0,-1,-64,2,13
2,0,-1,-64,2,12
2,0,-1,-64,2,12
2,0,-1,-65,3,12
2,0,-1,-64,2,10
2,0,0,-64,3,11
2,0,0,-63,3,11
2,0,0,-65,3,11
2,0,0,-64,4,11
2,0,-1,-63,4,11
2,0,-1,-64,4,10
2,0,-1,-65,4,10
2,0,-1,-64,4,10
1,0,-1,-64,3,10
1,0,-1,-64,3,10
0,0,-1,-64,3,9
-1,0,-1,-64,3,9
-2,-1,-1,-64,4,10
-2,-1,-1,-64,3,10
-3,-1,-1,-64,4,10
-4,-1,-1,-65,4,10
-5,-1,-1,-65,4,10
-6,-1,0,-65,4,11
-6,-1,0,-65,3,10
-7,-2,0,-64,3,11
-7,-2,0,-63,3,12
-8,-2,1,-65,3,13
-8,-2,1,-64,3,13
-8,-2,1,-63,3,14
-8,-1,1,-63,2,15
-8,-1,1,-64,2,15
-8,-1,1,-64,2,14
-9,-1,1,-62,2,14
-9,0,1,-61,1,13
-10,0,1,-61,0,15
-10,0,1,-60,0,17
-10,1,0,-62,1,14
-11,1,0,-63,1,13
-11,1,0,-65,1,15
-11,0,0,-65,-1,15
-11,-1,0,-61,-2,15
-10,-1,0,-63,-2,15
-10,-2,0,-63,-2,12
-10,-2,0,-58,-4,13
-9,-1,0,-63,-4,15
-9,0,0,-65,-5,16
-8,0,0,-65,-6,15
-8,0,0,-62,-7,12
-7,0,0,-61,-6,12
-6,1,0,-66,-4,14
-6,1,0,-66,-4,15
-6,1,-1,-64,-6,12
-6,1,-1,-65,-7,11
-5,0,-1,-68,-4,13
-5,-1,-1,-63,-5,10
-4,-1,0,-64,-6,9
-3,-2,0,-64,-6,9
-2,-3,1,-65,-8,9
-1,-4,1,-62,-6,12
-1,-4,1,-64,-7,14
0,-4,1,-65,-5,16
1,-4,0,-62,-5,16
1,-3,0,-63,-4,17
2,-4,0,-63,-4,19
2,-4,0,-60,-2,21
2,-3,0,-61,-2,21
2,-2,-1,-61,-2,21
2,-2,-1,-62,-2,24
1,-1,-1,-61,-2,25
1,-1,-1,-60,-4,22
2,-1,-1,-60,-4,22
2,-2,-1,-61,-3,24
2,-2,-1,-60,-3,26
2,-2,-1,-61,-2,26
2,-3,-1,-60,-1,28
2,-2,-1,-60,-1,27
2,-2,-1,-60,1,28
1,-2,-1,-60,0,28
0,-2,-1,-61,1,29
0,-3,-1,-59,0,30
-1,-2,-1,-58,-2,29
-1,-1,-1,-57,-1,30
-1,-2,-1,-59,-2,29
-1,-3,-1,-61,-2,30
-1,-4,0,-57,-2,31
-1,-4,0,-54,-2,32
-1,-4,0,-56,-3,31
0,-5,0,-56,-2,35
-1,-4,0,-54,-3,39
-1,-1,-1,-55,-3,37
-1,0,-1,-55,-2,35
-1,-1,-1,-54,-2,35
-1,0,-1,-53,-3,36
-1,1,-1,-55,-3,36
0,2,-1,-55,-3,36
0,2,-1,-55,-3,34
0,3,-2,-55,-4,33
0,3,-2,-55,-4,32
0,3,-1,-57,-4,30
0,3,-1,-57,-4,30
0,3,-1,-59,-5,29
1,3,-1,-61,-3,29
1,1,-1,-59,-4,28
1,2,0,-59,-4,26
1,2,-1,-61,-2,26
1,1,0,-60,-2,25
1,1,0,-59,-4,24
1,2,-1,-62,-2,23
1,1,0,-64,2,25
0,-1,0,-61,0,24
0,-1,0,-59,-2,23
-1,0,0,-61,-1,24
-1,0,0,-60,-1,24
-1,1,0,-60,0,23
-2,2,0,-62,-1,23
-2,2,-1,-63,0,22
-2,2,-1,-62,-1,22
-3,2,-1,-62,-2,21
-3,3,-1,-63,-3,19
-3,3,-1,-63,-2,18
-3,2,-1,-62,-2,17
-3,3,0,-63,-3,15
-3,3,0,-65,-3,14
-3,2,0,-63,-4,14
-2,3,0,-63,-4,12
-2,3,0,-66,-3,11
-2,2,-1,-65,-3,10
-2,2,-1,-63,-5,9
-2,3,-1,-62,-6,9
-2,5,-1,-65,-6,7
-1,5,-1,-67,-5,4
-1,4,-1,-65,-4,3
-1,3,-1,-65,-6,1
-1,4,-1,-64,-5,0
-1,4,-1,-65,-4,0
-1,4,-1,-65,-6,-3
-1,3,-1,-65,-6,-4
-1,2,-1,-63,-6,-4
-1,2,-1,-63,-7,-7
-1,2,-1,-66,-7,-7
-1,1,-1,-65,-7,-6
-1,1,-1,-65,-7,-7
-1,0,-1,-62,-6,-7
-1,1,0,-63,-7,-8
-1,1,0,-65,-6,-9
-1,0,0,-65,-6,-9
-1,0,0,-64,-7,-10
-1,0,-1,-64,-7,-10
-1,0,-1,-63,-6,-9
-1,0,0,-63,-5,-9
-1,1,-1,-63,-7,-11
-1,1,0,-64,-6,-11
-1,0,0,-64,-6,-10
-1,0,-1,-63,-7,-11
-1,1,-1,-64,-7,-12
-1,1,-1,-65,-6,-12
-1,0,-1,-62,-7,-12
-1,0,-1,-61,-7,-12
-1,1,-1,-62,-8,-13
-1,1,-1,-65,-6,-14
-1,0,-1,-65,-6,-14
-1,-1,-1,-64,-7,-14
-1,-1,-1,-63,-8,-14
-1,-1,-1,-63,-7,-15
-1,-1,0,-64,-6,-14
-1,-3,0,-64,-6,-13
0,-4,1,-65,-5,-11
-1,-5,1,-66,-3,-9
-2,-6,1,-66,-4,-7
-2,-6,1,-64,-6,-7
-2,-5,1,-65,-4,-4
-2,-4,1,-63,-3,-3
-3,-4,0,-65,-3,-2
-3,-4,0,-66,-3,0
-3,-3,0,-66,-3,1
-3,-3,-1,-64,-4,0
-3,-3,-1,-64,-2,2
-4,-3,-1,-65,-3,3
-4,-2,-1,-65,-4,4
-4,-2,-2,-65,-4,4
-4,-2,-2,-65,-5,4
-4,-3,-2,-64,-6,4
-4,-3,-1,-64,-5,5
-4,-3,-1,-63,-5,8
-4,-2,-1,-66,-7,8
-4,-3,-1,-66,-7,6
-4,-3,-1,-64,-8,6
-4,-3,-1,-64,-7,9
-4,-2,-1,-64,-6,11
-4,-2,-1,-64,-7,11
-4,-2,-1,-63,-7,11
-4,-2,0,-64,-7,11
-4,-1,0,-64,-8,12
-4,-2,-1,-64,-8,12
-4,-2,-1,-63,-8,11
-4,-1,-1,-64,-8,12
-4,-1,-1,-64,-8,15
-4,-1,-1,-66,-9,12
-4,-2,-1,-64,-9,11
-4,-2,-1,-63,-9,13
-4,-1,-1,-64,-10,14
-4,-1,-1,-64,-10,14
-4,-2,-1,-63,-10,14
-4,-2,-1,-64,-11,15
-4,-2,-1,-64,-12,14
-4,-2,-1,-62,-11,14
-4,-2,-1,-61,-11,15
-4,-1,-1,-65,-12,16
-4,-2,-1,-62,-11,14
-3,-2,-1,-63,-12,15
-3,-3,-1,-63,-13,17
-3,-3,-1,-61,-13,17
-3,-2,-1,-61,-13,17
-3,-1,-1,-62,-13,18
-3,-1,-1,-62,-13,17
-3,0,-1,-62,-15,18
-3,0,-1,-62,-14,18
-3,0,-1,-61,-15,18
-3,-1,-1,-61,-15,17
-3,-1,-1,-61,-15,17
-3,-1,0,-60,-15,16
-3,0,0,-60,-15,17
-3,0,0,-60,-15,16
-3,0,0,-62,-16,16
-3,0,0,-62,-17,16
-3,1,0,-62,-16,14
-2,1,0,-62,-16,14
-2,1,0,-63,-16,13
-2,2,0,-63,-16,12
-2,2,0,-63,-16,12
-2,1,0,-63,-16,11
-2,2,0,-64,-17,10
-2,1,-1,-64,-16,9
-1,1,-1,-63,-16,8
-1,1,-1,-60,-16,9
-1,2,0,-59,-15,8
-1,3,0,-60,-15,8
-2,4,1,-65,-17,4
-2,2,1,-63,-15,4
-2,2,1,-63,-14,3
-2,1,1,-64,-14,1
-2,1,1,-64,-14,2
-2,1,1,-64,-14,3
-2,0,0,-64,-13,0
-2,0,0,-65,-13,0
-2,0,0,-65,-12,0
-2,0,0,-64,-11,0
-2,0,1,-63,-11,0
-2,0,1,-66,-12,-1
-2,0,0,-68,-12,-1
-2,-1,0,-65,-12,-2
-2,0,0,-64,-11,-1
-2,-1,0,-65,-11,-1
-2,-1,0,-65,-10,0
-2,-1,0,-64,-10,0
-2,-1,0,-65,-9,0
-2,-1,0,-66,-10,-1
-1,-1,0,-65,-11,-1
-1,-1,0,-66,-10,-1
-1,-1,0,-67,-12,0
-1,-1,0,-66,-8,-1
-1,-1,-1,-63,-11,0
-1,0,-1,-64,-11,0
-1,-1,-1,-66,-10,-1
-1,-2,-1,-65,-9,0
0,-2,0,-64,-12,1
0,-3,0,-64,-10,2
-1,-4,0,-61,-8,3
-1,-3,0,-62,-9,4
-1,-2,0,-64,-9,5
-1,-1,0,-64,-8,4
-1,-1,0,-64,-7,4
0,0,0,-65,-8,5
0,0,0,-65,-8,5
0,-1,0,-64,-7,4
0,-1,0,-65,-7,4
0,-1,0,-64,-6,5
0,-2,0,-66,-7,5
0,-3,0,-66,-7,5
0,-2,-1,-64,-6,6
0,-2,-1,-65,-8,7
0,-1,-1,-66,-9,8
0,-1,-1,-64,-7,9
1,0,0,-64,-6,7
1,1,0,-65,-6,6
1,1,1,-66,-6,6
1,-1,1,-66,-5,7
1,-3,1,-68,-7,11
1,-5,1,-66,-8,13
2,-5,0,-62,-1,8
2,-3,0,-65,-1,8
1,-1,1,-65,0,3
-1,-1,1,-61,2,6
-2,0,1,-65,-5,16
-1,0,0,-65,-4,14
-1,0,0,-63,-3,14
-1,-1,0,-62,0,12
-1,-1,0,-64,-1,12
-1,0,0,-66,-4,14
-1,0,0,-64,-2,13
-1,0,0,-63,-1,11
-1,-1,0,-64,-1,11
-1,-1,-1,-63,0,11
-1,0,0,-64,0,10
-1,0,0,-65,-1,11
-1,0,0,-63,0,10
-1,0,0,-65,-1,11
-1,0,0,-63,1,10
